Workbook

Sheet RAW
A1: ID | B1: Start time | C1: Completion time | D1: Email | E1: Name | F1: Last modified time | G1: Sebutkan kode Cabang/Network Anda | H1: Berapa jumlah Kendaraan Operasional (Bukan OCOP) yang Ada di Cabang/Network Anda? | I1: Tipe Kendaraan1 | J1: Nopol1 | K1: KM Berjalan1 | L1: Apakah Servis?1 | M1: Tanggal Service1 | N1: KM Servis1 | O1: Upload Bukti Service (SPK/Kartu Service) Network Anda pada Bulan Desember! | P1: Upload Bukti KM (kilometer) Terakhir Kendaraan Cabang Anda! | Q1: Tipe Kendaraan2 | R1: Nopol2 | S1: KM Berjalan2 | T1: Apakah Servis?2 | U1: Tanggal Service2 | V1: KM Servis2 | W1: Upload Bukti Service (SPK/Kartu Service) Network Anda pada Bulan Desember!2 | X1: Upload Bukti KM (kilometer) Terakhir Kendaraan Cabang Anda!2 | Y1: Tipe Kendaraan3 | Z1: Nopol3 | AA1: KM Berjalan3 | AB1: Apakah Servis?3 | AC1: Tanggal Service3 | AD1: KM Servis3 | AE1: Upload Bukti Service (SPK/Kartu Service) Network Anda pada Bulan Desember!3 | AF1: Upload Bukti KM (kilometer) Terakhir Kendaraan Cabang Anda!3
A2: 1 | B2: 45859.684 | C2: 45859.686 | D2: 29592@armadanusantara.co.id | E2: Taufik Utama | G2: 10597 NABIRE UNIT | H2: 1 | Y2: DAIHATSU GRANMAX PU AC PS 1.5 M/T | Z2: B8069JR | AA2: 83521 | AB2: Iya | AC2: 45859 | AD2: 83521 | AE2: https://files.armadanusantara.co.id/bukti/e66afb2aa719.jpeg | AF2: https://files.armadanusantara.co.id/bukti/670101dbdc3d.jpg
A3: 2 | B3: 45859.687 | C3: 45859.69 | D3: 38466@armadanusantara.co.id | E3: Raka Halim | G3: 35309 SERANG 2 | H3: 1 | Y3: PICK UP TRAGA 2.5 4X2 MT D M/T | Z3: B3406ZUA | AA3: 49892 | AB3: Iya | AC3: 45810 | AD3: 49892 | AE3: https://files.armadanusantara.co.id/bukti/3fa4161eca13.pdf | AF3: https://files.armadanusantara.co.id/bukti/54caa6a6f665.pdf
A4: 3 | B4: 45859.687 | C4: 45859.692 | D4: 15826@armadanusantara.co.id | E4: Budi Iskandar | G4: 42127 INDRAGIRI HULU | H4: 1 | Y4: PICK UP TRAGA 2.5 4X2 MT D M/T | Z4: H6818GV | AA4: 27693 | AB4: Iya | AC4: 45821 | AD4: 27693 | AE4: https://files.armadanusantara.co.id/bukti/4fa5bcf8083d.jpg | AF4: https://files.armadanusantara.co.id/bukti/95d5789aced8.png
A5: 4 | B5: 45859.689 | C5: 45859.692 | D5: 81569@armadanusantara.co.id | E5: Eka Hidayat | G5: 19849 BANYUWANGI POS | H5: 1 | Y5: PICK UP TRAGA 2.5 4X2 MT D M/T | Z5: B4597RJ | AA5: 69984 | AB5: Iya | AC5: 45859 | AD5: 69984 | AE5: https://files.armadanusantara.co.id/bukti/d104fafe826e.jpeg | AF5: https://files.armadanusantara.co.id/bukti/6c87c120d449.jpeg
A6: 5 | B6: 45859.685 | C6: 45859.692 | D6: 64039@armadanusantara.co.id | E6: Irfan Maulana | G6: 27732 KETAPANG | H6: 1 | Y6: DAIHATSU GRANMAX PU AC PS 1.5 M/T | Z6: AB7714BG | AA6: 46830 | AB6: Iya | AC6: 45798 | AD6: 46830 | AE6: https://files.armadanusantara.co.id/bukti/f594c653e469.jpg | AF6: https://files.armadanusantara.co.id/bukti/038938b96cf3.jpg
A7: 6 | B7: 45859.684 | C7: 45859.695 | D7: 26694@armadanusantara.co.id | E7: Novi Saputra | G7: 13597 GRESIK | H7: 1 | Y7: DAIHATSU GRANMAX PU AC PS 1.5 M/T | Z7: B1204ZZ | AA7: 17526 | AB7: Iya | AC7: 45841 | AD7: 17526 | AE7: https://files.armadanusantara.co.id/bukti/074f3a96f5eb.jpeg | AF7: https://files.armadanusantara.co.id/bukti/92036338f10d.png
A8: 7 | B8: 45859.696 | C8: 45859.699 | D8: 40080@armadanusantara.co.id | E8: Arif Zulkarnain | G8: 86545 SUNGAILIAT | H8: 2 | Q8: Daihatsu Xenia (Badan) | R8: DA3899XS | S8: 12506 | T8: Iya | U8: 45782 | V8: 12506 | W8: https://files.armadanusantara.co.id/bukti/9eb4560249c3.jpg | X8: https://files.armadanusantara.co.id/bukti/a54dc485e7be.png | Y8: PICK UP TRAGA 2.5 4X2 MT D M/T | Z8: KB3403JE | AA8: 62601 | AB8: Iya | AC8: 45782 | AD8: 62601 | AE8: https://files.armadanusantara.co.id/bukti/e69675f2755f.pdf | AF8: https://files.armadanusantara.co.id/bukti/d54361ed1b00.jpeg
A9: 8 | B9: 45859.686 | C9: 45859.699 | D9: 14791@armadanusantara.co.id | E9: Dimas Lubis | G9: 14599 MATARAM | H9: 2 | Q9: Daihatsu Xenia (Badan) | R9: B9347LJ | S9: 46253 | T9: Iya | U9: 45685 | V9: 46253 | W9: https://files.armadanusantara.co.id/bukti/f45617881544.jpg | X9: https://files.armadanusantara.co.id/bukti/6af75781bdb6.jpg | Y9: PICK UP TRAGA 2.5 4X2 MT D M/T | Z9: B4196MS | AA9: 17414 | AB9: Iya | AC9: 45568 | AD9: 17414 | AE9: https://files.armadanusantara.co.id/bukti/cb72298a29ab.png | AF9: https://files.armadanusantara.co.id/bukti/b1180d111352.png
A10: 9 | B10: 45859.698 | C10: 45859.7 | D10: 57650@armadanusantara.co.id | E10: Agus Maulana | G10: 63557 PONTIANAK | H10: 1 | Y10: DAIHATSU GRANMAX PU AC PS 1.5 M/T | Z10: B1229TQ | AA10: 15190 | AB10: Iya | AC10: 45768 | AD10: 15190 | AE10: https://files.armadanusantara.co.id/bukti/c41255a4241c.jpg | AF10: https://files.armadanusantara.co.id/bukti/5c274cb753a2.pdf
A11: 10 | B11: 45859.693 | C11: 45859.703 | D11: 44278@armadanusantara.co.id | E11: Dinda Harahap | G11: 26773 RAHA POS | H11: 1 | Y11: DAIHATSU GRANMAX PU AC PS 1.5 M/T | Z11: B8132XW | AA11: 33133 | AB11: Iya | AC11: 45731 | AD11: 33133 | AE11: https://files.armadanusantara.co.id/bukti/45529312ec27.jpeg | AF11: https://files.armadanusantara.co.id/bukti/0afc665d91c2.jpg
A12: 11 | B12: 45859.695 | C12: 45859.709 | D12: 66284@armadanusantara.co.id | E12: Ratna Pratama | G12: 81258 JAKARTA SELATAN | H12: 1 | Y12: DAIHATSU GRANMAX PU AC PS 1.5 M/T | Z12: KT2986WG | AA12: 3539 | AB12: Iya | AC12: 45841 | AD12: 3539 | AE12: https://files.armadanusantara.co.id/bukti/97a356d063ba.jpg | AF12: https://files.armadanusantara.co.id/bukti/e4bac0cb0c07.png
A13: 12 | B13: 45859.706 | C13: 45859.709 | D13: 45424@armadanusantara.co.id | E13: Joko Darmadi | G13: 43676 DEPOK BRANCH | H13: 1 | Y13: PICK UP TRAGA 2.5 4X2 MT D M/T | Z13: B9006FL | AA13: 17950 | AB13: Iya | AC13: 45755 | AD13: 17950 | AE13: https://files.armadanusantara.co.id/bukti/68f0108c1f45.jpeg | AF13: https://files.armadanusantara.co.id/bukti/09b9ccdac79c.jpg
A14: 13 | B14: 45859.704 | C14: 45859.711 | D14: 94839@armadanusantara.co.id | E14: Intan Simatupang | G14: 51793 LOMBOK BARAT UNIT | H14: 1 | Y14: DAIHATSU GRANMAX PU AC PS 1.5 M/T | Z14: B1377MKN | AA14: 50 | AB14: Iya | AC14: 45762 | AD14: 50 | AE14: https://files.armadanusantara.co.id/bukti/f72cdda35657.png | AF14: https://files.armadanusantara.co.id/bukti/2509ac79e475.pdf
A15: 14 | B15: 45859.706 | C15: 45859.714 | D15: 62138@armadanusantara.co.id | E15: Zahra Waluyo | G15: 28292 WONOGIRI POS | H15: 1 | Y15: PICK UP TRAGA 2.5 4X2 MT D M/T | Z15: B6987KLG | AA15: 37904 | AB15: Iya | AC15: 45821 | AD15: 37904 | AE15: https://files.armadanusantara.co.id/bukti/39e0dc7a20da.pdf | AF15: https://files.armadanusantara.co.id/bukti/6bd71b7d06cf.jpeg
A16: 15 | B16: 45859.709 | C16: 45859.716 | D16: 59473@armadanusantara.co.id | E16: Mahendra Lubis | G16: 24204 TIMIKA | H16: 1 | Y16: PICK UP TRAGA 2.5 4X2 MT D M/T | Z16: B9410TZ | AA16: 13870 | AB16: Iya | AC16: 45765 | AD16: 13870 | AE16: https://files.armadanusantara.co.id/bukti/a94fe30b93dc.png | AF16: https://files.armadanusantara.co.id/bukti/3db4042fb296.pdf
A17: 16 | B17: 45859.694 | C17: 45859.718 | D17: 42105@armadanusantara.co.id | E17: Hadi Efendi | G17: 37568 BANJAR | H17: 2 | Q17: Daihatsu Xenia (Badan) | R17: B8137WEW | S17: 32255 | T17: Iya | U17: 45825 | V17: 32255 | W17: https://files.armadanusantara.co.id/bukti/e1cae3e97b13.png | X17: https://files.armadanusantara.co.id/bukti/b6b2e36f6f09.pdf | Y17: DAIHATSU GRANMAX PU AC PS 1.5 M/T | Z17: B9442MAL | AA17: 16400 | AB17: Iya | AC17: 45825 | AD17: 16400 | AE17: https://files.armadanusantara.co.id/bukti/7e6f4ec80652.jpeg | AF17: https://files.armadanusantara.co.id/bukti/676768ad5586.pdf
A18: 17 | B18: 45859.718 | C18: 45859.727 | D18: 31371@armadanusantara.co.id | E18: Nadia Hutabarat | G18: 17822 BANDUNG | H18: 2 | Q18: Daihatsu Xenia (Badan) | R18: B3590QLB | S18: 15305 | T18: Iya | U18: 45771 | V18: 15305 | W18: https://files.armadanusantara.co.id/bukti/2f1ef9294e62.jpg | X18: https://files.armadanusantara.co.id/bukti/d685295c60b4.pdf | Y18: DAIHATSU GRANMAX PU AC PS 1.5 M/T | Z18: B4001FJ | AA18: 3498 | AB18: Iya | AC18: 45792 | AD18: 3498 | AE18: https://files.armadanusantara.co.id/bukti/a526204ca72a.png | AF18: https://files.armadanusantara.co.id/bukti/8e6da00f2af8.jpg
A19: 18 | B19: 45859.723 | C19: 45859.727 | D19: 35326@armadanusantara.co.id | E19: Guntur Mahendra | G19: 96224 LHOKSEUMAWE | H19: 1 | Y19: DAIHATSU GRANMAX PU AC PS 1.5 M/T | Z19: B9274GSS | AA19: 35706 | AB19: Iya | AC19: 45820 | AD19: 35706 | AE19: https://files.armadanusantara.co.id/bukti/f955d538792d.jpeg | AF19: https://files.armadanusantara.co.id/bukti/f365861e77aa.png
A20: 19 | B20: 45859.716 | C20: 45859.727 | D20: 46129@armadanusantara.co.id | E20: Rani Simatupang | G20: 44007 BANDA ACEH | H20: 1 | Y20: DAIHATSU GRANMAX PU AC PS 1.5 M/T | Z20: B1960LKY | AA20: 45117 | AB20: Iya | AC20: 45762 | AD20: 45117 | AE20: https://files.armadanusantara.co.id/bukti/5335dceaeab2.pdf | AF20: https://files.armadanusantara.co.id/bukti/550fb612ef72.pdf
A21: 20 | B21: 45859.696 | C21: 45859.729 | D21: 47770@armadanusantara.co.id | E21: Sigit Handoko | G21: 92412 MALANG POS | H21: 1 | Y21: DAIHATSU GRANMAX PU AC PS 1.5 M/T | Z21: D8668TS | AA21: 7838 | AB21: Iya | AC21: 45794 | AD21: 7838 | AE21: https://files.armadanusantara.co.id/bukti/01f7a0034f20.jpeg | AF21: https://files.armadanusantara.co.id/bukti/02f4b482d6ef.jpg
A22: 21 | B22: 45859.726 | C22: 45859.733 | D22: 86051@armadanusantara.co.id | E22: Novi Baskoro | G22: 89414 PANGKAL PINANG POS | H22: 1 | Y22: DAIHATSU GRANMAX PU AC PS 1.5 M/T | Z22: B5795ED | AA22: 45142 | AB22: Iya | AC22: 45708 | AD22: 45142 | AE22: https://files.armadanusantara.co.id/bukti/be3b8b8839db.pdf | AF22: https://files.armadanusantara.co.id/bukti/6c710568b330.jpeg
A23: 22 | B23: 45859.736 | C23: 45859.74 | D23: 22045@armadanusantara.co.id | E23: Zaki Utomo | G23: 54229 SRAGEN BRANCH | H23: 1 | Y23: PICK UP TRAGA 2.5 4X2 MT D M/T | Z23: B3050XRL | AA23: 64126 | AB23: Iya | AC23: 45831 | AD23: 64126 | AE23: https://files.armadanusantara.co.id/bukti/b9458ec9f058.pdf | AF23: https://files.armadanusantara.co.id/bukti/60ebe80e65c0.pdf
A24: 23 | B24: 45859.732 | C24: 45859.748 | D24: 21206@armadanusantara.co.id | E24: Indah Situmorang | G24: 82123 SINJAI | H24: 3 | I24: Daihatsu Xenia (Badan) | J24: D9393MC | K24: 53303 | L24: Iya | M24: 45821 | N24: 53303 | O24: https://files.armadanusantara.co.id/bukti/371a46753979.jpeg | P24: https://files.armadanusantara.co.id/bukti/8744446852d8.jpeg | Q24: DAIHATSU GRANMAX PU AC PS 1.5 M/T | R24: B8895WT | S24: 1176 | T24: Iya | U24: 45792 | V24: 1176 | W24: https://files.armadanusantara.co.id/bukti/970c58c785cb.png | X24: https://files.armadanusantara.co.id/bukti/f9eac42c55d7.jpeg | Y24: DAIHATSU GRANMAX PU AC PS 1.5 M/T | Z24: B2840UE | AA24: 79909 | AB24: Iya | AC24: 45856 | AD24: 79909 | AE24: https://files.armadanusantara.co.id/bukti/3ba9a93bd8c8.jpeg | AF24: https://files.armadanusantara.co.id/bukti/555959b23058.jpg
A25: 24 | B25: 45859.742 | C25: 45859.748 | D25: 15433@armadanusantara.co.id | E25: Budi Handoko | G25: 98337 BIMA POS | H25: 1 | Y25: DAIHATSU GRANMAX PU AC PS 1.5 M/T | Z25: B8385EAN | AA25: 14233 | AB25: Iya | AC25: 45783 | AD25: 14233 | AE25: https://files.armadanusantara.co.id/bukti/7a75717e8902.pdf | AF25: https://files.armadanusantara.co.id/bukti/bb5718021bbe.png
A26: 25 | B26: 45859.743 | C26: 45859.756 | D26: 70076@armadanusantara.co.id | E26: Dani Firmansyah | G26: 99918 KAYU AGUNG UNIT | H26: 1 | Y26: PICK UP TRAGA 2.5 4X2 MT D M/T | Z26: B8491EZ | AA26: 13855 | AB26: Iya | AC26: 45812 | AD26: 13855 | AE26: https://files.armadanusantara.co.id/bukti/76c76e7ec592.jpeg | AF26: https://files.armadanusantara.co.id/bukti/a0d98cb1733a.png
A27: 26 | B27: 45859.748 | C27: 45859.761 | D27: 66077@armadanusantara.co.id | E27: Farid Utomo | G27: 71786 TANJUNG PINANG BRANCH | H27: 1 | Y27: DAIHATSU GRANMAX PU AC PS 1.5 M/T | Z27: B1444CKJ | AA27: 79798 | AB27: Iya | AC27: 45805 | AD27: 79798 | AE27: https://files.armadanusantara.co.id/bukti/e8b874630752.pdf | AF27: https://files.armadanusantara.co.id/bukti/d96678784880.jpeg
A28: 27 | B28: 45859.777 | C28: 45859.779 | D28: 47341@armadanusantara.co.id | E28: Wahyu Waluyo | G28: 15893 MAJALENGKA | H28: 1 | Y28: DAIHATSU GRANMAX PU AC PS 1.5 M/T | Z28: B7692UCT | AA28: 6174 | AB28: Iya | AC28: 45827 | AD28: 6174 | AE28: https://files.armadanusantara.co.id/bukti/b2fca95308e2.jpg | AF28: https://files.armadanusantara.co.id/bukti/bb2245920c92.pdf
A29: 28 | B29: 45859.782 | C29: 45859.79 | D29: 60085@armadanusantara.co.id | E29: Indra Suryana | G29: 94865 KARANGANYAR POS | H29: 1 | Y29: DAIHATSU GRANMAX PU AC PS 1.5 M/T | Z29: B8457UZ | AA29: 6917 | AB29: Iya | AC29: 45743 | AD29: 6917 | AE29: https://files.armadanusantara.co.id/bukti/0c55e0426a0e.pdf | AF29: https://files.armadanusantara.co.id/bukti/c32b712235dc.jpeg
A30: 29 | B30: 45859.788 | C30: 45859.792 | D30: 11104@armadanusantara.co.id | E30: Ari Tampubolon | G30: 47339 BENGKULU | H30: 1 | Y30: DAIHATSU GRANMAX PU AC PS 1.5 M/T | Z30: B6236MZW | AA30: 33312 | AB30: Iya | AC30: 45713 | AD30: 33312 | AE30: https://files.armadanusantara.co.id/bukti/d7a947e08a7f.pdf | AF30: https://files.armadanusantara.co.id/bukti/764e669f5da1.png
A31: 30 | B31: 45859.826 | C31: 45859.83 | D31: 89394@armadanusantara.co.id | E31: Yusuf Sihombing | G31: 75534 SAMBAS BRANCH | H31: 1 | Y31: PICK UP TRAGA 2.5 4X2 MT D M/T | Z31: B6013WGR | AA31: 35052 | AB31: Iya | AC31: 45861 | AD31: 35052 | AE31: https://files.armadanusantara.co.id/bukti/94ae6f439546.pdf | AF31: https://files.armadanusantara.co.id/bukti/ffa7d64a524e.pdf
A32: 31 | B32: 45859.832 | C32: 45859.835 | D32: 11780@armadanusantara.co.id | E32: Nur Suryana | G32: 51924 BIAK | H32: 2 | Q32: DAIHATSU GRANMAX PU AC PS 1.5 M/T | R32: B9529CGF | S32: 16620 | T32: Iya | U32: 45736 | V32: 16620 | W32: https://files.armadanusantara.co.id/bukti/fa9f8320e404.jpeg | X32: https://files.armadanusantara.co.id/bukti/e85a90c38efd.pdf | Y32: Daihatsu Xenia (Badan) | Z32: DA9877GL | AA32: 24252 | AB32: Iya | AC32: 45735 | AD32: 24252 | AE32: https://files.armadanusantara.co.id/bukti/5ba88c243f43.pdf | AF32: https://files.armadanusantara.co.id/bukti/6c7fa551bb55.jpeg
A33: 32 | B33: 45859.855 | C33: 45859.861 | D33: 99119@armadanusantara.co.id | E33: Ilham Mahendra | G33: 79735 BANDAR JAYA BRANCH | H33: 1 | Y33: DAIHATSU GRANMAX PU AC PS 1.5 M/T | Z33: B1190TVJ | AA33: 47106 | AB33: Iya | AC33: 45833 | AD33: 47106 | AE33: https://files.armadanusantara.co.id/bukti/cd80d18e44fc.jpeg | AF33: https://files.armadanusantara.co.id/bukti/5ba6a4104ea5.jpeg
A34: 33 | B34: 45860.309 | C34: 45860.309 | D34: 21884@armadanusantara.co.id | E34: Septian Saputra | G34: 38989 PATI | H34: 1 | Y34: PICK UP TRAGA 2.5 4X2 MT D M/T | Z34: B9848XJ | AA34: 67509 | AB34: Iya | AC34: 45997 | AD34: 67509 | AE34: https://files.armadanusantara.co.id/bukti/8458902ad7fa.jpeg | AF34: https://files.armadanusantara.co.id/bukti/859b34efc5bd.jpg
A35: 34 | B35: 45860.304 | C35: 45860.318 | D35: 21162@armadanusantara.co.id | E35: Dimas Adiputra | G35: 84357 BENGKALIS UNIT | H35: 2 | Q35: PICK UP TRAGA 2.5 4X2 MT D M/T | R35: B9897TAZ | S35: 26950 | T35: Iya | U35: 45845 | V35: 26950 | W35: https://files.armadanusantara.co.id/bukti/393593213919.pdf | X35: https://files.armadanusantara.co.id/bukti/d2c0b4f90bc1.png | Y35: DAIHATSU GRANMAX PU AC PS 1.5 M/T | Z35: B8645QN | AA35: 42358 | AB35: Iya | AC35: 45771 | AD35: 42358 | AE35: https://files.armadanusantara.co.id/bukti/6831e9366a29.png | AF35: https://files.armadanusantara.co.id/bukti/2a339840370b.pdf
A36: 35 | B36: 45860.299 | C36: 45860.319 | D36: 57557@armadanusantara.co.id | E36: Bambang Permana | G36: 31340 SEMARANG | H36: 1 | Y36: PICK UP TRAGA 2.5 4X2 MT D M/T | Z36: B1075RA | AA36: 48591 | AB36: Iya | AC36: 45726 | AD36: 48591 | AE36: https://files.armadanusantara.co.id/bukti/2c36c340e2bc.jpeg | AF36: https://files.armadanusantara.co.id/bukti/8ce43ffed7dc.pdf
A37: 36 | B37: 45860.318 | C37: 45860.321 | D37: 94975@armadanusantara.co.id | E37: Yudi Utomo | G37: 46643 SINGKAWANG | H37: 1 | Y37: PICK UP TRAGA 2.5 4X2 MT D M/T | Z37: B2118PQK | AA37: 45753 | AB37: Iya | AC37: 45901 | AD37: 45753 | AE37: https://files.armadanusantara.co.id/bukti/a5d8453ccd65.png | AF37: https://files.armadanusantara.co.id/bukti/d0c6de3e75b9.png
A38: 37 | B38: 45860.318 | C38: 45860.323 | D38: 35309@armadanusantara.co.id | E38: Dwi Winata | G38: 34328 KAMPAR | H38: 2 | Q38: DAIHATSU GRANMAX PU AC PS 1.5 M/T | R38: B7154RP | S38: 47281 | T38: Iya | U38: 45752 | V38: 47281 | W38: https://files.armadanusantara.co.id/bukti/e7e87e8e99f8.jpeg | X38: https://files.armadanusantara.co.id/bukti/fac39515755d.jpg | Y38: PICK UP TRAGA 2.5 4X2 MT D M/T | Z38: B7875XVS | AA38: 15547 | AB38: Iya | AC38: 45812 | AD38: 15547 | AE38: https://files.armadanusantara.co.id/bukti/c3bf132c9698.jpeg | AF38: https://files.armadanusantara.co.id/bukti/94bb41cd175f.png
A39: 38 | B39: 45860.323 | C39: 45860.325 | D39: 82127@armadanusantara.co.id | E39: Hendra Siregar | G39: 48634 PAYAKUMBUH UNIT | H39: 1 | Y39: DAIHATSU GRANMAX PU AC PS 1.5 M/T | Z39: B9910CL | AA39: 3036 | AB39: Iya | AC39: 45776 | AD39: 3036 | AE39: https://files.armadanusantara.co.id/bukti/93f06cab2f8d.pdf | AF39: https://files.armadanusantara.co.id/bukti/b45cf74815be.png
A40: 39 | B40: 45860.328 | C40: 45860.331 | D40: 23723@armadanusantara.co.id | E40: Sari Zulkarnain | G40: 58804 BOYOLALI | H40: 1 | Y40: DAIHATSU GRANMAX PU AC PS 1.5 M/T | Z40: B7351RH | AA40: 50381 | AB40: Iya | AC40: 45668 | AD40: 50381 | AE40: https://files.armadanusantara.co.id/bukti/86a86116822e.jpg | AF40: https://files.armadanusantara.co.id/bukti/ccb89aaa9107.pdf
A41: 40 | B41: 45860.342 | C41: 45860.345 | D41: 28945@armadanusantara.co.id | E41: Citra Gunawan | G41: 64137 WAINGAPU | H41: 1 | Y41: PICK UP TRAGA 2.5 4X2 MT D M/T | Z41: B6882KT | AA41: 51064 | AB41: Iya | AC41: 45848 | AD41: 51064 | AE41: https://files.armadanusantara.co.id/bukti/9057fa860773.jpeg | AF41: https://files.armadanusantara.co.id/bukti/946045c9017e.jpg
A42: 41 | B42: 45860.336 | C42: 45860.351 | D42: 67567@armadanusantara.co.id | E42: Ferry Nasution | G42: 85927 TENGGARONG BRANCH | H42: 2 | Q42: PICK UP TRAGA 2.5 4X2 MT D M/T | R42: KT1884DR | S42: 54221 | T42: Iya | U42: 45819 | V42: 54221 | W42: https://files.armadanusantara.co.id/bukti/617902f14ca9.jpg | X42: https://files.armadanusantara.co.id/bukti/ccbbed7317f8.jpg | Y42: DAIHATSU GRANMAX PU AC PS 1.5 M/T | Z42: B4175FW | AA42: 48216 | AB42: Iya | AC42: 45819 | AD42: 48216 | AE42: https://files.armadanusantara.co.id/bukti/a4445e1dc4ba.png | AF42: https://files.armadanusantara.co.id/bukti/9816721e485e.png
A43: 42 | B43: 45860.338 | C43: 45860.351 | D43: 50480@armadanusantara.co.id | E43: Erwin Mahendra | G43: 50468 TANAH GROGOT BRANCH | H43: 1 | Y43: DAIHATSU GRANMAX PU AC PS 1.5 M/T | Z43: B4222XM | AA43: 27041 | AB43: Iya | AC43: 45730 | AD43: 27041 | AE43: https://files.armadanusantara.co.id/bukti/ca25a9ba3047.png | AF43: https://files.armadanusantara.co.id/bukti/b44a5e5160f3.jpeg
A44: 43 | B44: 45860.346 | C44: 45860.362 | D44: 76560@armadanusantara.co.id | E44: Sandi Manurung | G44: 23031 BANGKO | H44: 2 | Q44: Daihatsu Xenia (Badan) | R44: B8763MP | S44: 88607 | T44: Iya | U44: 45810 | V44: 88607 | W44: https://files.armadanusantara.co.id/bukti/8831065ee3e3.jpeg | X44: https://files.armadanusantara.co.id/bukti/68624c916f2d.jpeg | Y44: DAIHATSU GRANMAX PU AC PS 1.5 M/T | Z44: B6441NR | AA44: 11130 | AB44: Iya | AC44: 45847 | AD44: 11130 | AE44: https://files.armadanusantara.co.id/bukti/0e83d47d6806.pdf | AF44: https://files.armadanusantara.co.id/bukti/624eb4826493.pdf
A45: 44 | B45: 45860.357 | C45: 45860.363 | D45: 14145@armadanusantara.co.id | E45: Indra Adiputra | G45: 72540 MUNTOK 2 | H45: 1 | Y45: PICK UP TRAGA 2.5 4X2 MT D M/T | Z45: B6557JW | AA45: 75455 | AB45: Iya | AC45: 45817 | AD45: 75455 | AE45: https://files.armadanusantara.co.id/bukti/452b392feb5d.pdf | AF45: https://files.armadanusantara.co.id/bukti/32c1c3e93054.pdf
A46: 45 | B46: 45860.362 | C46: 45860.363 | D46: 79061@armadanusantara.co.id | E46: Joko Marpaung | G46: 77247 JENEPONTO 2 | H46: 2 | Q46: PICK UP TRAGA 2.5 4X2 MT D M/T | R46: B3705JT | S46: 73151 | T46: Iya | U46: 45846 | V46: 73151 | W46: https://files.armadanusantara.co.id/bukti/d9dd2f8b87e5.jpg | X46: https://files.armadanusantara.co.id/bukti/426cdc9e5111.pdf | Y46: PICK UP TRAGA 2.5 4X2 MT D M/T | Z46: B6957DH | AA46: 84938 | AB46: Iya | AC46: 45846 | AD46: 84938 | AE46: https://files.armadanusantara.co.id/bukti/a1cc6906de9f.pdf | AF46: https://files.armadanusantara.co.id/bukti/4e568bf4ae33.png
A47: 46 | B47: 45860.357 | C47: 45860.364 | D47: 72071@armadanusantara.co.id | E47: Anton Pratama | G47: 17645 KEBUMEN | H47: 1 | Y47: DAIHATSU GRANMAX PU AC PS 1.5 M/T | Z47: B5541LZ | AA47: 18078 | AB47: Iya | AC47: 45813 | AD47: 18078 | AE47: https://files.armadanusantara.co.id/bukti/8a84ccdf82b9.pdf | AF47: https://files.armadanusantara.co.id/bukti/dfe144e8e0aa.pdf
A48: 47 | B48: 45860.36 | C48: 45860.365 | D48: 60299@armadanusantara.co.id | E48: Iwan Santoso | G48: 71985 LOMBOK TENGAH BRANCH | H48: 1 | Y48: DAIHATSU GRANMAX PU AC PS 1.5 M/T | Z48: KT8120IVX | AA48: 4015 | AB48: Iya | AC48: 45726 | AD48: 4015 | AE48: https://files.armadanusantara.co.id/bukti/ecd42162bc34.jpg | AF48: https://files.armadanusantara.co.id/bukti/8aece85d7059.pdf
A49: 48 | B49: 45860.353 | C49: 45860.367 | D49: 34691@armadanusantara.co.id | E49: Wulan Utama | G49: 98372 TABANAN 2 | H49: 1 | Y49: PICK UP TRAGA 2.5 4X2 MT D M/T | Z49: B9187TB | AA49: 19762 | AB49: Iya | AC49: 45779 | AD49: 19762 | AE49: https://files.armadanusantara.co.id/bukti/8a97cab0b0cc.jpeg | AF49: https://files.armadanusantara.co.id/bukti/a89f7929a15e.pdf
A50: 49 | B50: 45860.357 | C50: 45860.368 | D50: 37910@armadanusantara.co.id | E50: Anisa Hakim | G50: 70300 KUPANG POS | H50: 1 | Y50: DAIHATSU GRANMAX PU AC PS 1.5 M/T | Z50: B6065WA | AA50: 26347 | AB50: Iya | AC50: 45593 | AD50: 26347 | AE50: https://files.armadanusantara.co.id/bukti/3e803d86bd2f.png | AF50: https://files.armadanusantara.co.id/bukti/1ca61f76a087.jpeg
A51: 50 | B51: 45860.365 | C51: 45860.372 | D51: 67991@armadanusantara.co.id | E51: Wawan Marpaung | G51: 31566 BINJAI BRANCH | H51: 1 | Y51: PICK UP TRAGA 2.5 4X2 MT D M/T | Z51: B7591HAI | AA51: 82275 | AB51: Iya | AC51: 45796 | AD51: 82275 | AE51: https://files.armadanusantara.co.id/bukti/c77d14ab5078.png | AF51: https://files.armadanusantara.co.id/bukti/3c236ee5c2b1.jpg
A52: 51 | B52: 45860.339 | C52: 45860.373 | D52: 43704@armadanusantara.co.id | E52: Dwi Oktavian | G52: 10814 MASOHI POS | H52: 1 | Y52: PICK UP TRAGA 2.5 4X2 MT D M/T | Z52: B2823MF | AA52: 2387 | AB52: Iya | AC52: 45715 | AD52: 2387 | AE52: https://files.armadanusantara.co.id/bukti/3f66cf34c303.pdf | AF52: https://files.armadanusantara.co.id/bukti/7fdd7bee6b63.jpeg
A53: 52 | B53: 45860.349 | C53: 45860.38 | D53: 13226@armadanusantara.co.id | E53: Aldi Wibowo | G53: 75394 KUNINGAN | H53: 2 | Q53: Daihatsu Xenia (Badan) | R53: B9091PM | S53: 32103 | T53: Iya | U53: 45785 | V53: 32103 | W53: https://files.armadanusantara.co.id/bukti/4d25d76c5fd7.jpg | X53: https://files.armadanusantara.co.id/bukti/e5a4a69433ee.jpg | Y53: DAIHATSU GRANMAX PU AC PS 1.5 M/T | Z53: KT3681HUC | AA53: 19492 | AB53: Iya | AC53: 45785 | AD53: 19492 | AE53: https://files.armadanusantara.co.id/bukti/bc2cc7e14e03.jpg | AF53: https://files.armadanusantara.co.id/bukti/c156f7381ac4.pdf
A54: 53 | B54: 45860.356 | C54: 45860.393 | D54: 17982@armadanusantara.co.id | E54: Anisa Handoko | G54: 91028 PURWAKARTA | H54: 1 | Y54: DAIHATSU GRANMAX PU AC PS 1.5 M/T | Z54: DD8835VA | AA54: 5631 | AB54: Iya | AC54: 45630 | AD54: 5631 | AE54: https://files.armadanusantara.co.id/bukti/1b736bd73535.png | AF54: https://files.armadanusantara.co.id/bukti/b1cca78d013e.jpeg
A55: 54 | B55: 45860.368 | C55: 45860.395 | D55: 19816@armadanusantara.co.id | E55: Cahya Suryana | G55: 23223 PONOROGO | H55: 1 | Y55: DAIHATSU GRANMAX PU AC PS 1.5 M/T | Z55: B6551IKH | AA55: 28397 | AB55: Iya | AC55: 45831 | AD55: 28397 | AE55: https://files.armadanusantara.co.id/bukti/90a3017cac5f.png | AF55: https://files.armadanusantara.co.id/bukti/182e69a9ced1.png
A56: 55 | B56: 45860.387 | C56: 45860.396 | D56: 79324@armadanusantara.co.id | E56: Aldi Susanto | G56: 51266 SAMARINDA | H56: 1 | Y56: DAIHATSU GRANMAX PU AC PS 1.5 M/T | Z56: B4786BT | AA56: 18566 | AB56: Iya | AC56: 45702 | AD56: 18566 | AE56: https://files.armadanusantara.co.id/bukti/b88c96a38483.jpg | AF56: https://files.armadanusantara.co.id/bukti/73436c50b735.png
A57: 56 | B57: 45860.398 | C57: 45860.399 | D57: 26591@armadanusantara.co.id | E57: Erwin Lubis | G57: 51945 BATURAJA POS | H57: 1 | Y57: DAIHATSU GRANMAX PU AC PS 1.5 M/T | Z57: B2491RA | AA57: 54942 | AB57: Iya | AC57: 45762 | AD57: 54942 | AE57: https://files.armadanusantara.co.id/bukti/7ea67f04dd9a.jpg | AF57: https://files.armadanusantara.co.id/bukti/8121c64b7e52.pdf
A58: 57 | B58: 45860.412 | C58: 45860.416 | D58: 80419@armadanusantara.co.id | E58: Citra Darmadi | G58: 50548 TERNATE BRANCH | H58: 1 | Y58: DAIHATSU GRANMAX PU AC PS 1.5 M/T | Z58: B7135IN | AA58: 17716 | AB58: Iya | AC58: 45622 | AD58: 17716 | AE58: https://files.armadanusantara.co.id/bukti/8777f2752b0f.jpeg | AF58: https://files.armadanusantara.co.id/bukti/f4478f360caf.jpeg
A59: 58 | B59: 45860.39 | C59: 45860.417 | D59: 71798@armadanusantara.co.id | E59: Indah Wibowo | G59: 36596 SUMEDANG UNIT | H59: 1 | Y59: Daihatsu Xenia (Badan) | Z59: B5798XLR | AA59: 1111 | AB59: Iya | AC59: 45712 | AD59: 1111 | AE59: https://files.armadanusantara.co.id/bukti/40b8ca1780fe.png | AF59: https://files.armadanusantara.co.id/bukti/aa41e68e59b8.pdf
A60: 59 | B60: 45860.418 | C60: 45860.419 | D60: 52341@armadanusantara.co.id | E60: Miftah Ginting | G60: 27693 BADUNG POS | H60: 2 | Q60: Daihatsu Xenia (Badan) | R60: B2652NS | S60: 40912 | T60: Iya | U60: 45820 | V60: 40912 | W60: https://files.armadanusantara.co.id/bukti/6ba6996d1d39.jpg | X60: https://files.armadanusantara.co.id/bukti/616bf3fcff86.png | Y60: PICK UP TRAGA 2.5 4X2 MT D M/T | Z60: B4234ME | AA60: 46564 | AB60: Iya | AC60: 45820 | AD60: 46564 | AE60: https://files.armadanusantara.co.id/bukti/4458f390ecf3.png | AF60: https://files.armadanusantara.co.id/bukti/98c4dee419de.pdf
A61: 60 | B61: 45860.43 | C61: 45860.436 | D61: 74979@armadanusantara.co.id | E61: Ayu Utomo | G61: 49939 MUARA BULIAN 2 | H61: 1 | Y61: PICK UP TRAGA 2.5 4X2 MT D M/T | Z61: B3431HDZ | AA61: 17996 | AB61: Iya | AC61: 45728 | AD61: 17996 | AE61: https://files.armadanusantara.co.id/bukti/8a09638e813b.png | AF61: https://files.armadanusantara.co.id/bukti/891c43f83cd0.pdf
A62: 61 | B62: 45860.444 | C62: 45860.445 | D62: 22665@armadanusantara.co.id | E62: Sri Oktavian | G62: 40555 MANNA | H62: 1 | Y62: PICK UP TRAGA 2.5 4X2 MT D M/T | Z62: B9936AP | AA62: 46367 | AB62: Iya | AC62: 45702 | AD62: 46367 | AE62: https://files.armadanusantara.co.id/bukti/57cb6f2a2c12.jpg | AF62: https://files.armadanusantara.co.id/bukti/3399621ea51a.jpg
A63: 62 | B63: 45860.449 | C63: 45860.451 | D63: 97044@armadanusantara.co.id | E63: Wawan Permana | G63: 26079 KLATEN | H63: 1 | Y63: DAIHATSU GRANMAX PU AC PS 1.5 M/T | Z63: B3306HX | AA63: 14294 | AB63: Iya | AC63: 45827 | AD63: 14294 | AE63: https://files.armadanusantara.co.id/bukti/cfd44db03169.jpg | AF63: https://files.armadanusantara.co.id/bukti/15b2943ae877.jpg
A64: 63 | B64: 45860.461 | C64: 45860.465 | D64: 17385@armadanusantara.co.id | E64: Alif Lubis | G64: 53715 SALATIGA POS | H64: 1 | Y64: PICK UP TRAGA 2.5 4X2 MT D M/T | Z64: B7707TH | AA64: 53710 | AB64: Iya | AC64: 45815 | AD64: 53710 | AE64: https://files.armadanusantara.co.id/bukti/44d5ea4a28d1.pdf | AF64: https://files.armadanusantara.co.id/bukti/2462e35fb10e.jpg
A65: 64 | B65: 45860.467 | C65: 45860.471 | D65: 52569@armadanusantara.co.id | E65: Darmawan Cahyono | G65: 21310 KOTABUMI BRANCH | H65: 1 | Y65: DAIHATSU GRANMAX PU AC PS 1.5 M/T | Z65: B6505HTV | AA65: 48828 | AB65: Iya | AC65: 45860 | AD65: 48828 | AE65: https://files.armadanusantara.co.id/bukti/13ce1d74b023.jpeg | AF65: https://files.armadanusantara.co.id/bukti/12a958f32995.png
A66: 65 | B66: 45860.481 | C66: 45860.481 | D66: 19402@armadanusantara.co.id | E66: Aldi Fadillah | G66: 91588 SUKABUMI 2 | H66: 1 | Y66: DAIHATSU GRANMAX PU AC PS 1.5 M/T | Z66: B4411YL | AA66: 80255 | AB66: Iya | AC66: 45793 | AD66: 80255 | AE66: https://files.armadanusantara.co.id/bukti/dbce157d5d55.jpg | AF66: https://files.armadanusantara.co.id/bukti/b3bb1119e605.jpeg
A67: 66 | B67: 45860.478 | C67: 45860.498 | D67: 25532@armadanusantara.co.id | E67: Taufik Cahyono | G67: 63873 MAUMERE BRANCH | H67: 1 | Y67: DAIHATSU GRANMAX PU AC PS 1.5 M/T | Z67: B5592QL | AA67: 50874 | AB67: Iya | AC67: 45723 | AD67: 50874 | AE67: https://files.armadanusantara.co.id/bukti/b31d146459ed.pdf | AF67: https://files.armadanusantara.co.id/bukti/38365a744078.png
A68: 67 | B68: 45860.51 | C68: 45860.513 | D68: 47789@armadanusantara.co.id | E68: Rina Maulana | G68: 16805 LUMAJANG UNIT | H68: 1 | Y68: DAIHATSU GRANMAX PU AC PS 1.5 M/T | Z68: B7713QE | AA68: 21746 | AB68: Iya | AC68: 45667 | AD68: 21746 | AE68: https://files.armadanusantara.co.id/bukti/cb16d5bf1dd3.png | AF68: https://files.armadanusantara.co.id/bukti/fd0a3c4629cb.png
A69: 68 | B69: 45860.521 | C69: 45860.525 | D69: 34614@armadanusantara.co.id | E69: Bambang Setiawan | G69: 31508 SAROLANGUN | H69: 2 | Q69: Daihatsu Xenia (Badan) | R69: B2820TR | S69: 25498 | T69: Iya | U69: 45780 | V69: 25498 | W69: https://files.armadanusantara.co.id/bukti/4372103f1071.png | X69: https://files.armadanusantara.co.id/bukti/e9823f75bd3f.pdf | Y69: PICK UP TRAGA 2.5 4X2 MT D M/T | Z69: DD8059VC | AA69: 44165 | AB69: Iya | AC69: 45759 | AD69: 44165 | AE69: https://files.armadanusantara.co.id/bukti/b6a40c624b7f.pdf | AF69: https://files.armadanusantara.co.id/bukti/6cb0d101fb1c.pdf
A70: 69 | B70: 45860.527 | C70: 45860.531 | D70: 52011@armadanusantara.co.id | E70: Imam Nainggolan | G70: 90392 NUNUKAN UNIT | H70: 2 | Q70: Daihatsu Xenia (Badan) | R70: B2743VJK | S70: 49867 | T70: Iya | U70: 45850 | V70: 49867 | W70: https://files.armadanusantara.co.id/bukti/cae6e81726f5.png | X70: https://files.armadanusantara.co.id/bukti/4600fbe13399.pdf | Y70: DAIHATSU GRANMAX PU AC PS 1.5 M/T | Z70: BP6297BR | AA70: 33914 | AB70: Iya | AC70: 45797 | AD70: 33914 | AE70: https://files.armadanusantara.co.id/bukti/3aa56cf2277c.pdf | AF70: https://files.armadanusantara.co.id/bukti/2803c4f9f62e.pdf
A71: 70 | B71: 45860.56 | C71: 45860.561 | D71: 94887@armadanusantara.co.id | E71: Nanda Iskandar | G71: 72707 PASURUAN BRANCH | H71: 1 | Y71: DAIHATSU GRANMAX PU AC PS 1.5 M/T | Z71: B5277IQ | AA71: 37013 | AB71: Iya | AC71: 45810 | AD71: 37013 | AE71: https://files.armadanusantara.co.id/bukti/07f44f133ab0.jpeg | AF71: https://files.armadanusantara.co.id/bukti/b75ee8e0fec0.pdf
A72: 71 | B72: 45860.547 | C72: 45860.562 | D72: 96590@armadanusantara.co.id | E72: Hana Wibowo | G72: 23316 TEGAL BRANCH | H72: 3 | I72: DAIHATSU GRANMAX PU AC PS 1.5 M/T | J72: B3271BYK | K72: 28976 | L72: Iya | M72: 45764 | N72: 28976 | O72: https://files.armadanusantara.co.id/bukti/98f72cf7c62b.jpg | P72: https://files.armadanusantara.co.id/bukti/ba167b9df959.jpg | Q72: Daihatsu Xenia (Badan) | R72: B2888ALH | S72: 100155 | T72: Iya | U72: 45761 | V72: 100155 | W72: https://files.armadanusantara.co.id/bukti/07b8a7693da1.png | X72: https://files.armadanusantara.co.id/bukti/3b15394b224c.png | Y72: Daihatsu Xenia (Badan) | Z72: B8258SPN | AA72: 35177 | AB72: Iya | AC72: 45681 | AD72: 35177 | AE72: https://files.armadanusantara.co.id/bukti/165e1ec471d4.pdf | AF72: https://files.armadanusantara.co.id/bukti/c6b2fbf14632.jpeg
A73: 72 | B73: 45860.562 | C73: 45860.569 | D73: 65188@armadanusantara.co.id | E73: Ari Saputra | G73: 89828 NAMLEA | H73: 2 | Q73: Daihatsu Xenia (Badan) | R73: B9653KV | S73: 38560 | T73: Iya | U73: 45722 | V73: 38560 | W73: https://files.armadanusantara.co.id/bukti/d3bf3859309b.jpeg | X73: https://files.armadanusantara.co.id/bukti/b4dcc3234ac3.png | Y73: PICK UP TRAGA 2.5 4X2 MT D M/T | Z73: B3079BPJ | AA73: 42798 | AB73: Iya | AC73: 45800 | AD73: 42798 | AE73: https://files.armadanusantara.co.id/bukti/09c1b1f79d85.pdf | AF73: https://files.armadanusantara.co.id/bukti/18854af941bf.png
A74: 73 | B74: 45860.57 | C74: 45860.574 | D74: 83992@armadanusantara.co.id | E74: Rizki Kusuma | G74: 29309 NGANJUK | H74: 3 | I74: Daihatsu Xenia (Badan) | J74: B2034KCH | K74: 99715 | L74: Iya | M74: 45808 | N74: 99715 | O74: https://files.armadanusantara.co.id/bukti/c1442490aced.jpeg | P74: https://files.armadanusantara.co.id/bukti/64122d82125a.pdf | Q74: DAIHATSU GRANMAX PU AC PS 1.5 M/T | R74: B6989QE | S74: 81851 | T74: Iya | U74: 45812 | V74: 81851 | W74: https://files.armadanusantara.co.id/bukti/b5279b1e640d.pdf | X74: https://files.armadanusantara.co.id/bukti/6d6b6ec55142.jpeg | Y74: DAIHATSU GRANMAX PU AC PS 1.5 M/T | Z74: B8857PYD | AA74: 1389 | AB74: Iya | AC74: 45808 | AD74: 1389 | AE74: https://files.armadanusantara.co.id/bukti/38c7a4fe6d4e.pdf | AF74: https://files.armadanusantara.co.id/bukti/c81afb461ed9.pdf
A75: 74 | B75: 45860.581 | C75: 45860.583 | D75: 98285@armadanusantara.co.id | E75: Dian Rahmawan | G75: 90494 DONGGALA UNIT | H75: 1 | Y75: PICK UP TRAGA 2.5 4X2 MT D M/T | Z75: B8721DW | AA75: 31646 | AB75: Iya | AC75: 45845 | AD75: 31646 | AE75: https://files.armadanusantara.co.id/bukti/7bcf2b9338ce.png | AF75: https://files.armadanusantara.co.id/bukti/e0c80c19b910.png
A76: 75 | B76: 45860.582 | C76: 45860.588 | D76: 61979@armadanusantara.co.id | E76: Nanda Cahyono | G76: 88046 SITUBONDO 2 | H76: 1 | Y76: DAIHATSU GRANMAX PU AC PS 1.5 M/T | Z76: B8589XJW | AA76: 25746 | AB76: Iya | AC76: 45841 | AD76: 25746 | AE76: https://files.armadanusantara.co.id/bukti/1d059382b402.pdf | AF76: https://files.armadanusantara.co.id/bukti/760552beb4b8.pdf
A77: 76 | B77: 45860.593 | C77: 45860.595 | D77: 51286@armadanusantara.co.id | E77: Yoga Panjaitan | G77: 16508 SURAKARTA UNIT | H77: 1 | Y77: DAIHATSU GRANMAX PU AC PS 1.5 M/T | Z77: B4034IWU | AA77: 24920 | AB77: Iya | AC77: 45710 | AD77: 24920 | AE77: https://files.armadanusantara.co.id/bukti/b7399dbb1464.jpg | AF77: https://files.armadanusantara.co.id/bukti/0a8fa26306d7.pdf
A78: 77 | B78: 45860.597 | C78: 45860.6 | D78: 34801@armadanusantara.co.id | E78: Dian Hutabarat | G78: 59397 KARIMUN BRANCH | H78: 1 | Y78: DAIHATSU GRANMAX PU AC PS 1.5 M/T | Z78: B3553ILD | AA78: 4645 | AB78: Iya | AC78: 45735 | AD78: 4645 | AE78: https://files.armadanusantara.co.id/bukti/02bc09503121.jpg | AF78: https://files.armadanusantara.co.id/bukti/5a53ef97d7ac.jpeg
A79: 78 | B79: 45860.601 | C79: 45860.604 | D79: 17089@armadanusantara.co.id | E79: Yuni Jayadi | G79: 88185 TANJUNG UNIT | H79: 1 | Y79: PICK UP TRAGA 2.5 4X2 MT D M/T | Z79: B6757PSW | AA79: 118290 | AB79: Iya | AC79: 45801 | AD79: 118290 | AE79: https://files.armadanusantara.co.id/bukti/e7500f4bb865.png | AF79: https://files.armadanusantara.co.id/bukti/5b6e07bffaca.jpg
A80: 79 | B80: 45860.609 | C80: 45860.612 | D80: 91988@armadanusantara.co.id | E80: Anisa Hutabarat | G80: 24740 ASAHAN | H80: 2 | Q80: Daihatsu Xenia (Badan) | R80: B3367HD | S80: 31171 | T80: Iya | U80: 45818 | V80: 31171 | W80: https://files.armadanusantara.co.id/bukti/3e65889a2934.jpg | X80: https://files.armadanusantara.co.id/bukti/aff1a3e24228.pdf | Y80: DAIHATSU GRANMAX PU AC PS 1.5 M/T | Z80: H3815DXD | AA80: 7250 | AB80: Iya | AC80: 45708 | AD80: 7250 | AE80: https://files.armadanusantara.co.id/bukti/72627115f5f6.jpg | AF80: https://files.armadanusantara.co.id/bukti/ef2abbfed232.jpeg
A81: 80 | B81: 45860.626 | C81: 45860.627 | D81: 59933@armadanusantara.co.id | E81: Intan Nasution | G81: 38580 SIMALUNGUN BRANCH | H81: 2 | Q81: DAIHATSU GRANMAX PU AC PS 1.5 M/T | R81: B1654RAU | S81: 21862 | T81: Iya | U81: 45770 | V81: 21862 | W81: https://files.armadanusantara.co.id/bukti/ba98c5dd505c.jpg | X81: https://files.armadanusantara.co.id/bukti/5e5a8a58d408.jpg | Y81: Daihatsu Xenia (Badan) | Z81: B2834CX | AA81: 45989 | AB81: Iya | AC81: 45710 | AD81: 45989 | AE81: https://files.armadanusantara.co.id/bukti/c3e1d5ed53f0.pdf | AF81: https://files.armadanusantara.co.id/bukti/42f73c495d17.pdf
A82: 81 | B82: 45860.643 | C82: 45860.651 | D82: 21181@armadanusantara.co.id | E82: Arif Harahap | G82: 89677 MAKASSAR | H82: 1 | Y82: DAIHATSU GRANMAX PU AC PS 1.5 M/T | Z82: DD1709SU | AA82: 32160 | AB82: Iya | AC82: 45736 | AD82: 32160 | AE82: https://files.armadanusantara.co.id/bukti/2ed05c4b8d01.pdf | AF82: https://files.armadanusantara.co.id/bukti/4b64abfdb8ed.jpg
A83: 82 | B83: 45860.811 | C83: 45860.812 | D83: 64649@armadanusantara.co.id | E83: Erwin Nainggolan | G83: 89191 JOMBANG 2 | H83: 1 | Y83: DAIHATSU GRANMAX PU AC PS 1.5 M/T | Z83: H6446RTB | AA83: 9701 | AB83: Iya | AC83: 45826 | AD83: 9701 | AE83: https://files.armadanusantara.co.id/bukti/550bff74b633.jpg | AF83: https://files.armadanusantara.co.id/bukti/db281c6f3c01.png
A84: 83 | B84: 45860.836 | C84: 45860.841 | D84: 80294@armadanusantara.co.id | E84: Septian Hakim | G84: 69968 BALIKPAPAN | H84: 1 | Y84: DAIHATSU GRANMAX PU AC PS 1.5 M/T | Z84: B8269XJ | AA84: 25904 | AB84: Iya | AC84: 45810 | AD84: 25904 | AE84: https://files.armadanusantara.co.id/bukti/58cb595f6053.jpeg | AF84: https://files.armadanusantara.co.id/bukti/97e98b0ddb8e.jpg
A85: 84 | B85: 45861.336 | C85: 45861.337 | D85: 54832@armadanusantara.co.id | E85: Putra Kusuma | G85: 95840 SANGGAU | H85: 1 | Y85: DAIHATSU GRANMAX PU AC PS 1.5 M/T | Z85: B8160PCQ | AA85: 25725 | AB85: Iya | AC85: 45817 | AD85: 25725 | AE85: https://files.armadanusantara.co.id/bukti/e64a23f1482f.jpg | AF85: https://files.armadanusantara.co.id/bukti/820e87b2fa24.jpeg
A86: 85 | B86: 45861.373 | C86: 45861.373 | D86: 19798@armadanusantara.co.id | E86: Sari Yulianto | G86: 23842 DHARMASRAYA | H86: 1 | Y86: PICK UP TRAGA 2.5 4X2 MT D M/T | Z86: B6986NB | AA86: 38007 | AB86: Iya | AC86: 45757 | AD86: 38007 | AE86: https://files.armadanusantara.co.id/bukti/603a3620a396.pdf | AF86: https://files.armadanusantara.co.id/bukti/b34d0c56ce4b.jpeg
A87: 86 | B87: 45861.383 | C87: 45861.386 | D87: 59449@armadanusantara.co.id | E87: Roni Wijaya | G87: 32882 ATAMBUA | H87: 2 | Q87: DAIHATSU GRANMAX PU AC PS 1.5 M/T | R87: B9303TI | S87: 75576 | T87: Iya | U87: 45849 | V87: 75576 | W87: https://files.armadanusantara.co.id/bukti/f73156ab7545.jpg | X87: https://files.armadanusantara.co.id/bukti/1aacfe458480.png | Y87: DAIHATSU GRANMAX PU AC PS 1.5 M/T | Z87: B3473LI | AA87: 14683 | AB87: Iya | AC87: 45568 | AD87: 14683 | AE87: https://files.armadanusantara.co.id/bukti/e624d34e1c64.jpg | AF87: https://files.armadanusantara.co.id/bukti/7bb989e45195.pdf
A88: 87 | B88: 45861.408 | C88: 45861.416 | D88: 98519@armadanusantara.co.id | E88: Ayu Winata | G88: 11165 LEBAK | H88: 1 | Y88: DAIHATSU GRANMAX PU AC PS 1.5 M/T | Z88: B8613WYE | AA88: 48018 | AB88: Iya | AC88: 45583 | AD88: 48018 | AE88: https://files.armadanusantara.co.id/bukti/bc07cd0184ce.jpeg | AF88: https://files.armadanusantara.co.id/bukti/45516e6d4472.png
A89: 88 | B89: 45861.468 | C89: 45861.469 | D89: 57609@armadanusantara.co.id | E89: Bambang Waluyo | G89: 46702 GORONTALO | H89: 1 | Y89: PICK UP TRAGA 2.5 4X2 MT D M/T | Z89: B3507YER | AA89: 37417 | AB89: Iya | AC89: 45841 | AD89: 37417 | AE89: https://files.armadanusantara.co.id/bukti/6a175f81136a.jpg | AF89: https://files.armadanusantara.co.id/bukti/6d18665fde42.pdf
A90: 89 | B90: 45861.486 | C90: 45861.501 | D90: 75190@armadanusantara.co.id | E90: Putri Utama | G90: 66820 MEMPAWAH UNIT | H90: 2 | Q90: Daihatsu Xenia (Badan) | R90: B3472IIU | S90: 73213 | T90: Iya | U90: 45758 | V90: 73213 | W90: https://files.armadanusantara.co.id/bukti/f940a52b5c34.png | X90: https://files.armadanusantara.co.id/bukti/51308979f66e.pdf | Y90: DAIHATSU GRANMAX PU AC PS 1.5 M/T | Z90: B2772EK | AA90: 8823 | AB90: Iya | AC90: 45703 | AD90: 8823 | AE90: https://files.armadanusantara.co.id/bukti/a58b67a04991.jpg | AF90: https://files.armadanusantara.co.id/bukti/fed77c3cd279.jpg
A91: 90 | B91: 45861.558 | C91: 45861.564 | D91: 69953@armadanusantara.co.id | E91: Taufik Baskoro | G91: 34107 PURWOREJO 2 | H91: 1 | Y91: PICK UP TRAGA 2.5 4X2 MT D M/T | Z91: B7983KQ | AA91: 28010 | AB91: Iya | AC91: 45757 | AD91: 28010 | AE91: https://files.armadanusantara.co.id/bukti/bb9f4cf0f553.jpeg | AF91: https://files.armadanusantara.co.id/bukti/72793821d9be.png
A92: 91 | B92: 45861.562 | C92: 45861.568 | D92: 69282@armadanusantara.co.id | E92: Eka Rahmawan | G92: 86850 BATANG | H92: 1 | Y92: DAIHATSU GRANMAX PU AC PS 1.5 M/T | Z92: B6999PZ | AA92: 17104 | AB92: Iya | AC92: 45861 | AD92: 17104 | AE92: https://files.armadanusantara.co.id/bukti/7f2ecf5e808b.png | AF92: https://files.armadanusantara.co.id/bukti/90a2df47b306.pdf
A93: 92 | B93: 45861.568 | C93: 45861.573 | D93: 69411@armadanusantara.co.id | E93: Ridho Pratama | G93: 87006 TANJUNG PANDAN | H93: 1 | Y93: DAIHATSU GRANMAX PU AC PS 1.5 M/T | Z93: B6633GLS | AA93: 14026 | AB93: Iya | AC93: 45861 | AD93: 14026 | AE93: https://files.armadanusantara.co.id/bukti/c687599b8f0a.png | AF93: https://files.armadanusantara.co.id/bukti/55de5f2d3d73.jpeg
A94: 93 | B94: 45861.584 | C94: 45861.584 | D94: 37320@armadanusantara.co.id | E94: Bambang Efendi | G94: 44488 ENDE BRANCH | H94: 2 | Q94: Daihatsu Xenia (Badan) | R94: B2758UU | S94: 14540 | T94: Iya | U94: 45677 | V94: 14540 | W94: https://files.armadanusantara.co.id/bukti/bf4efbef6d6e.pdf | X94: https://files.armadanusantara.co.id/bukti/44fd71ed422b.jpg | Y94: DAIHATSU GRANMAX PU AC PS 1.5 M/T | Z94: B3699EI | AA94: 2082 | AB94: Iya | AC94: 45842 | AD94: 2082 | AE94: https://files.armadanusantara.co.id/bukti/d99776079a1e.jpg | AF94: https://files.armadanusantara.co.id/bukti/19442ee46c44.jpeg
A95: 94 | B95: 45861.586 | C95: 45861.593 | D95: 98317@armadanusantara.co.id | E95: Miftah Baskoro | G95: 99068 ROKAN HULU | H95: 2 | Q95: Daihatsu Xenia (Badan) | R95: B8054VY | S95: 13568 | T95: Iya | U95: 45722 | V95: 13568 | W95: https://files.armadanusantara.co.id/bukti/eefea043714b.jpeg | X95: https://files.armadanusantara.co.id/bukti/0546c663fa36.jpg | Y95: DAIHATSU GRANMAX PU AC PS 1.5 M/T | Z95: B5790CM | AA95: 17005 | AB95: Iya | AC95: 45784 | AD95: 17005 | AE95: https://files.armadanusantara.co.id/bukti/9ea4fd1b81a8.pdf | AF95: https://files.armadanusantara.co.id/bukti/4f7e7dfd2d50.jpg
A96: 95 | B96: 45861.588 | C96: 45861.593 | D96: 51963@armadanusantara.co.id | E96: Ari Kusuma | G96: 44991 TUAL | H96: 1 | Y96: PICK UP TRAGA 2.5 4X2 MT D M/T | Z96: B1884ZSB | AA96: 48279 | AB96: Iya | AC96: 45818 | AD96: 48279 | AE96: https://files.armadanusantara.co.id/bukti/fe5f992686f5.pdf | AF96: https://files.armadanusantara.co.id/bukti/d8a1586d8258.jpeg
A97: 96 | B97: 45861.627 | C97: 45861.63 | D97: 57109@armadanusantara.co.id | E97: Miftah Sitorus | G97: 48431 SAMPANG UNIT | H97: 2 | Q97: DAIHATSU GRANMAX PU AC PS 1.5 M/T | R97: B4516ER | S97: 72763 | T97: Iya | U97: 45642 | V97: 72763 | W97: https://files.armadanusantara.co.id/bukti/f4470d250ecf.png | X97: https://files.armadanusantara.co.id/bukti/36c2efc809cf.pdf | Y97: Daihatsu Xenia (Badan) | Z97: B4474RVI | AA97: 53298 | AB97: Iya | AC97: 45713 | AD97: 53298 | AE97: https://files.armadanusantara.co.id/bukti/f64724ad3891.jpg | AF97: https://files.armadanusantara.co.id/bukti/6a6920c729cf.jpg
A98: 97 | B98: 45861.642 | C98: 45861.648 | D98: 62435@armadanusantara.co.id | E98: Iwan Tampubolon | G98: 47591 LABUAN BAJO BRANCH | H98: 1 | Y98: DAIHATSU GRANMAX PU AC PS 1.5 M/T | Z98: B9409VZ | AA98: 18951 | AB98: Iya | AC98: 45427 | AD98: 18951 | AE98: https://files.armadanusantara.co.id/bukti/90e71286a0fa.jpg | AF98: https://files.armadanusantara.co.id/bukti/674e8262bb79.jpeg
A99: 98 | B99: 45861.688 | C99: 45861.689 | D99: 90520@armadanusantara.co.id | E99: Darmawan Oktavian | G99: 19573 PARIAMAN POS | H99: 2 | Q99: PICK UP TRAGA 2.5 4X2 MT D M/T | R99: AB4770WL | S99: 38131 | T99: Iya | U99: 45713 | V99: 38131 | W99: https://files.armadanusantara.co.id/bukti/1f8a1db2989a.pdf | X99: https://files.armadanusantara.co.id/bukti/dc7b0c0b5443.jpg | Y99: Daihatsu Xenia (Badan) | Z99: B1923MMD | AA99: 24480 | AB99: Iya | AC99: 45763 | AD99: 24480 | AE99: https://files.armadanusantara.co.id/bukti/33cc086eccec.jpg | AF99: https://files.armadanusantara.co.id/bukti/53b733b40b9b.jpg
A100: 99 | B100: 45861.677 | C100: 45861.696 | D100: 76170@armadanusantara.co.id | E100: Raka Permana | G100: 26802 BANJARMASIN | H100: 3 | I100: PICK UP TRAGA 2.5 4X2 MT D M/T | J100: B5783FB | K100: 14369 | L100: Iya | M100: 45804 | N100: 14369 | O100: https://files.armadanusantara.co.id/bukti/bbec886230fd.pdf | P100: https://files.armadanusantara.co.id/bukti/8f322bd601fc.png | Q100: PICK UP TRAGA 2.5 4X2 MT D M/T | R100: B4899EX | S100: 62014 | T100: Iya | U100: 45839 | V100: 62014 | W100: https://files.armadanusantara.co.id/bukti/c5653b512bc6.jpeg | X100: https://files.armadanusantara.co.id/bukti/9da10efc0fb0.jpeg | Y100: PICK UP TRAGA 2.5 4X2 MT D M/T | Z100: D8314WE | AA100: 40802 | AB100: Iya | AC100: 45785 | AD100: 40802 | AE100: https://files.armadanusantara.co.id/bukti/6dc7f1f206e3.jpg | AF100: https://files.armadanusantara.co.id/bukti/9284db44e097.jpg
...

Sheet raw_stack
A1: No | B1: Tanggal Input | C1: Tipe Kendaraan | D1: Nopol | E1: KM Berjalan | F1: Apakah Servis? | G1: Tanggal Servis | H1: KM Servis
A2: {=_xlfn.SEQUENCE(COUNTA(B2:B99411))} -> 1 | B2: {=_xlfn.VSTACK( _xlfn.HSTACK( _xlfn._xlws.FILTER(RAW[Completion time], RAW[Nopol1]<>""), _xlfn._xlws.FILTER(RAW[Tipe Kendaraan1], RAW[Nopol1]<>""), _xlfn._xlws.FILTER(RAW[Nopol1], RAW[Nopol1]<>""), VALUE(_xlfn._xlws.FILTER(RAW[KM Berjalan1], RAW[Nopol1]<>"")), _xlfn._xlws.FILTER(RAW[Apakah Servis?1], RAW[Nopol1]<>""), _xlfn._xlws.FILTER(RAW[Tanggal Service1], RAW[Nopol1]<>""), VALUE(_xlfn._xlws.FILTER(RAW[KM Servis1], RAW[Nopol1]<>"")) ), _xlfn.HSTACK( _xlfn._xlws.FILTER(RAW[Completion time], RAW[Nopol2]<>""), _xlfn._xlws.FILTER(RAW[Tipe Kendaraan2], RAW[Nopol2]<>""), _xlfn._xlws.FILTER(RAW[Nopol2], RAW[Nopol2]<>""), VALUE(_xlfn._xlws.FILTER(RAW[KM Berjalan2], RAW[Nopol2]<>"")), _xlfn._xlws.FILTER(RAW[Apakah Servis?2], RAW[Nopol2]<>""), _xlfn._xlws.FILTER(RAW[Tanggal Service2], RAW[Nopol2]<>""), VALUE(_xlfn._xlws.FILTER(RAW[KM Servis2], RAW[Nopol2]<>"")) ), _xlfn.HSTACK( _xlfn._xlws.FILTER(RAW[Completion time], RAW[Nopol3]<>""), _xlfn._xlws.FILTER(RAW[Tipe Kendaraan3], RAW[Nopol3]<>""), _xlfn._xlws.FILTER(RAW[Nopol3], RAW[Nopol3]<>""), VALUE(_xlfn._xlws.FILTER(RAW[KM Berjalan3], RAW[Nopol3]<>"")), _xlfn._xlws.FILTER(RAW[Apakah Servis?3], RAW[Nopol3]<>""), _xlfn._xlws.FILTER(RAW[Tanggal Service3], RAW[Nopol3]<>""), VALUE(_xlfn._xlws.FILTER(RAW[KM Servis3], RAW[Nopol3]<>"")) ) )} -> 45859.748 | C2: Daihatsu Xenia (Badan) | D2: D9393MC | E2: 53303 | F2: Iya | G2: 45821 | H2: 53303
A3: 2 | B3: 45860.562 | C3: DAIHATSU GRANMAX PU AC PS 1.5 M/T | D3: B3271BYK | E3: 28976 | F3: Iya | G3: 45764 | H3: 28976
A4: 3 | B4: 45860.574 | C4: Daihatsu Xenia (Badan) | D4: B2034KCH | E4: 99715 | F4: Iya | G4: 45808 | H4: 99715
A5: 4 | B5: 45861.696 | C5: PICK UP TRAGA 2.5 4X2 MT D M/T | D5: B5783FB | E5: 14369 | F5: Iya | G5: 45804 | H5: 14369
A6: 5 | B6: 45865.593 | C6: PICK UP TRAGA 2.5 4X2 MT D M/T | D6: L6517DP | E6: 20785 | F6: Iya | G6: 45779 | H6: 20785
A7: 6 | B7: 45867.605 | C7: Daihatsu Xenia (Badan) | D7: B6680XJ | E7: 23257 | F7: Iya | G7: 45822 | H7: 23257
A8: 7 | B8: 45869.828 | C8: PICK UP TRAGA 2.5 4X2 MT D M/T | D8: B8699GN | E8: 61543 | F8: Iya | G8: 45726 | H8: 61543
A9: 8 | B9: 45890.665 | C9: PICK UP TRAGA 2.5 4X2 MT D M/T | D9: B4985JZY | E9: 31499 | F9: Iya | G9: 45881 | H9: 31499
A10: 9 | B10: 45891.373 | C10: Daihatsu Xenia (Badan) | D10: B2034KCH | E10: 99985 | F10: Iya | G10: 45808 | H10: 99985
A11: 10 | B11: 45891.69 | C11: Daihatsu Xenia (Badan) | D11: D9393MC | E11: 56705 | F11: Iya | G11: 45792 | H11: 56705
A12: 11 | B12: 45891.787 | C12: Daihatsu Xenia (Badan) | D12: B2888ALH | E12: 102761 | F12: Iya | G12: 45761 | H12: 102761
A13: 12 | B13: 45892.511 | C13: DAIHATSU GRANMAX PU AC PS 1.5 M/T | D13: AB8086XV | E13: 3219 | F13: Iya | G13: 45783 | H13: 3219
A14: 13 | B14: 45894.72 | C14: Daihatsu Xenia (Badan) | D14: H8376YB | E14: 43361 | F14: Iya | G14: 45829 | H14: 43361
... A2292: 2291 | B2292: 46134.48 | C2292: DAIHATSU GRANMAX PU AC PS 1.5 M/T | D2292: B5151RYU | E2292: 7007 | F2292: Tidak | G2292: 0 | H2292: 0

Sheet filter_per_bulan
A1: FILTER DATA SERVIS KENDARAAN BERDASARKAN BULAN & TAHUN
A2: No | B2: Tanggal Input | C2: Tipe Kendaraan | D2: Nopol | E2: KM Berjalan | F2: Apakah Servis? | G2: Tanggal Servis | H2: KM Servis | I2: Ada/Tidak di Master
A3: {=_xlfn._xlws.FILTER( _xlfn.HSTACK( raw_stack!A2:H100000, IF( COUNTIF(data_master!G:G, raw_stack!D2:D100000)=0, "TIDAK ADA", "ADA" ) ), (MONTH(raw_stack!B2:B100000)=MATCH(M6,{"Januari";"Februari";"Maret";"April";"Mei";"Juni";"Juli";"Agustus";"September";"Oktober";"November";"Desember"},0))* (YEAR(raw_stack!B2:B100000)=M8) )} -> 539 | B3: 46084.509 | C3: Daihatsu Xenia (Badan) | D3: B6817ZM | E3: 16143 | F3: Iya | G3: 45972 | H3: 16143 | I3: ADA
A4: 540 | B4: 46084.61 | C4: Daihatsu Xenia (Badan) | D4: B3797RA | E4: 21361 | F4: Iya | G4: 46059 | H4: 21361 | I4: ADA
A5: 541 | B5: 46084.669 | C5: DAIHATSU GRANMAX PU AC PS 1.5 M/T | D5: B8457UZ | E5: 18313 | F5: Iya | G5: 46056 | H5: 18313 | I5: ADA
A6: 542 | B6: 46084.674 | C6: PICK UP TRAGA 2.5 4X2 MT D M/T | D6: B1444ZS | E6: 5257 | F6: Iya | G6: 45999 | H6: 5257 | I6: ADA | K6: BULAN: | M6: Maret
A7: 543 | B7: 46084.68 | C7: PICK UP TRAGA 2.5 4X2 MT D M/T | D7: KB3403JE | E7: 79223 | F7: Iya | G7: 46063 | H7: 79223 | I7: TIDAK ADA
A8: 544 | B8: 46084.681 | C8: DAIHATSU GRANMAX PU AC PS 1.5 M/T | D8: KT2986WG | E8: 55976 | F8: Iya | G8: 45958 | H8: 55976 | I8: ADA | K8: TAHUN: | M8: 2026
A9: 545 | B9: 46085.34 | C9: Daihatsu Xenia (Badan) | D9: B8054VY | E9: 22972 | F9: Iya | G9: 45923 | H9: 22972 | I9: ADA
A10: 546 | B10: 46085.365 | C10: Daihatsu Xenia (Badan) | D10: B2306NS | E10: 34381 | F10: Iya | G10: 45985 | H10: 34381 | I10: ADA
A11: 547 | B11: 46085.405 | C11: Daihatsu Xenia (Badan) | D11: B6851IH | E11: 14457 | F11: Iya | G11: 46044 | H11: 14457 | I11: ADA
A12: 548 | B12: 46085.408 | C12: Daihatsu Xenia (Badan) | D12: B8763MP | E12: 97373 | F12: Iya | G12: 46029 | H12: 97373 | I12: ADA
A13: 549 | B13: 46085.46 | C13: Daihatsu Xenia (Badan) | D13: B8430ECN | E13: 1894 | F13: Iya | G13: 46085 | H13: 1894 | I13: ADA
A14: 550 | B14: 46085.476 | C14: Daihatsu Xenia (Badan) | D14: B8137WEW | E14: 40287 | F14: Iya | G14: 46000 | H14: 40287 | I14: ADA
A15: 551 | B15: 46085.66 | C15: Daihatsu Xenia (Badan) | D15: B9619FMM | E15: 76041 | F15: Iya | G15: 45937 | H15: 76041 | I15: TIDAK ADA
A16: 552 | B16: 46085.677 | C16: Daihatsu Xenia (Badan) | D16: B2823MF | E16: 28946 | F16: Iya | G16: 45978 | H16: 28946 | I16: ADA
A17: 553 | B17: 46085.698 | C17: Daihatsu Xenia (Badan) | D17: B2888ALH | E17: 114050 | F17: Iya | G17: 45953 | H17: 114050 | I17: TIDAK ADA
A18: 554 | B18: 46086.361 | C18: DAIHATSU GRANMAX PU AC PS 1.5 M/T | D18: B5518KS | E18: 2765 | F18: Iya | G18: 45967 | H18: 2765 | I18: ADA
A19: 555 | B19: 46086.377 | C19: Daihatsu Xenia (Badan) | D19: B8324WSJ | E19: 20057 | F19: Iya | G19: 46063 | H19: 20057 | I19: ADA
A20: 556 | B20: 46086.503 | C20: DAIHATSU GRANMAX PU AC PS 1.5 M/T | D20: B7326IW | E20: 31724 | F20: Iya | G20: 46079 | H20: 31724 | I20: ADA
... A226: 2196 | B226: 46112.731 | C226: DAIHATSU GRANMAX PU AC PS 1.5 M/T | D226: KB9985GGA | E226: 17887 | F226: Iya | G226: 45937 | H226: 17887 | I226: ADA

Sheet data_anomali
A1: DATA ANOMALI
A2: No | B2: Tanggal Input | C2: Tipe Kendaraan | D2: Nopol | E2: KM Berjalan | F2: Apakah Servis? | G2: Tanggal Servis | H2: KM Servis | I2: Keterangan
A3: {=_xlfn._xlws.FILTER( _xlfn.HSTACK( raw_stack!A2:H100000, IF( (raw_stack!D2:D100000<>"") * ( (raw_stack!G2:G100000>TODAY()) + (IFERROR(raw_stack!E2:E100000,0) < IFERROR(raw_stack!H2:H100000,0)) + (NOT(ISNUMBER(raw_stack!E2:E100000))) + (NOT(ISNUMBER(raw_stack!H2:H100000))) ), IF(raw_stack!G2:G100000>TODAY(), "Tanggal > Hari Ini", "") & IF( (raw_stack!G2:G100000>TODAY()) * ((IFERROR(raw_stack!E2:E100000,0) < IFERROR(raw_stack!H2:H100000,0))), ", ", "" ) & IF(IFERROR(raw_stack!E2:E100000,0) < IFERROR(raw_stack!H2:H100000,0), "Selisih KM Minus", "") & IF( NOT(ISNUMBER(raw_stack!E2:E100000)), ", KM Berjalan Bukan Angka", "" ) & IF( NOT(ISNUMBER(raw_stack!H2:H100000)), ", KM Servis Bukan Angka", "" ), "" ) ), (raw_stack!D2:D100000<>"") * ( (raw_stack!G2:G100000>TODAY()) + (IFERROR(raw_stack!E2:E100000,0) < IFERROR(raw_stack!H2:H100000,0)) + (NOT(ISNUMBER(raw_stack!E2:E100000))) + (NOT(ISNUMBER(raw_stack!H2:H100000))) ) )} -> 519 | B3: 46045.483 | C3: Daihatsu Xenia (Badan) | D3: B9558JSZ | E3: 21574 | F3: Iya | G3: 46374 | H3: 21574 | I3: Tanggal > Hari Ini
A4: 594 | B4: 46129.561 | C4: DAIHATSU GRANMAX PU AC PS 1.5 M/T | D4: B1042EB | E4: 3965 | F4: Iya | G4: 46099 | H4: 14407 | I4: Selisih KM Minus
A5: 2032 | B5: 46084.545 | C5: DAIHATSU GRANMAX PU AC PS 1.5 M/T | D5: B1960LKY | E5: 49627 | F5: Iya | G5: 46296 | H5: 49627 | I5: Tanggal > Hari Ini
A6: 2125 | B6: 46091.712 | C6: DAIHATSU GRANMAX PU AC PS 1.5 M/T | D6: B6407IG | E6: 2108 | F6: Iya | G6: 46351 | H6: 2108 | I6: Tanggal > Hari Ini
A7: 2199 | B7: 46125.444 | C7: DAIHATSU GRANMAX PU AC PS 1.5 M/T | D7: KT4620NQ | E7: 18603 | F7: Iya | G7: 46093 | H7: 27680 | I7: Selisih KM Minus
A8: 2217 | B8: 46129.451 | C8: DAIHATSU GRANMAX PU AC PS 1.5 M/T | D8: B2639ZDE | E8: 2458 | F8: Iya | G8: 46090 | H8: 16109 | I8: Selisih KM Minus
A9: 2220 | B9: 46129.46 | C9: DAIHATSU GRANMAX PU AC PS 1.5 M/T | D9: B2960MA | E9: 64698 | F9: Iya | G9: 46116 | H9: 65160 | I9: Selisih KM Minus
A10: 2264 | B10: 46130.357 | C10: PICK UP TRAGA 2.5 4X2 MT D M/T | D10: B3889CE | E10: 23686 | F10: Iya | G10: 45937 | H10: 31167 | I10: Selisih KM Minus
A11: 2271 | B11: 46130.784 | C11: DAIHATSU GRANMAX PU AC PS 1.5 M/T | D11: B8474IXR | E11: 22322 | F11: Iya | G11: 46123 | H11: 31121 | I11: Selisih KM Minus

Sheet data_master
A1: NO | B1: KODE | C1: RENTAL TYPE CODE | D1: CABANG | E1: ITEM TYPE | F1: RENTAL TYPE | G1: NO POLISI | H1: PIC | I1: JENIS | J1: UNIT PRICE | K1: RENTAL START DATE | L1: RENTAL END DATE | M1: LAST INVOICED END DATE | N1: STATUS | O1: SERVICE JUL 2025 | P1: KM SERVICE | Q1: SERVICE AUG 2025 | R1: KM SERVICE | S1: SERVICE SEP 2025 | T1: KM SERVICE | U1: SERVICE OKT 2025 | V1: KM SERVICE | W1: SERVICE NOV 2025 | X1: KM SERVICE | Y1: SERVICE DEC 2025 | Z1: KM SERVICE | AA1: SERVICE JAN 2026 | AB1: KM SERVICE | AC1: SERVICE FEB 2026 | AD1: KM SERVICE | AE1: SERVICE MAR 2026 | AF1: KM SERVICE | AG1: SERVICE APR 2026 | AH1: KM SERVICE
A2: 1 | B2: =LEFT(D2,5) -> 48431 | C2: Vehicle Rent | D2: 48431 SAMPANG UNIT | E2: Daihatsu Xenia (Badan) | F2: Sewa kendaraan operasional | G2: B4474RVI | H2: OPR | I2: MINIBUS | J2: 3925000 | K2: 46067 | L2: 46431 | M2: 46066 | N2: ACTIVE | O2: =_xlfn.LET( _xlpm.x, _xlfn.MAXIFS( raw_stack!G$2:G$100000, raw_stack!D$2:D$100000, G2, raw_stack!F$2:F$100000, "Iya", raw_stack!G$2:G$100000, ">="&DATE(2025,7,1), raw_stack!G$2:G$100000, "<="&EOMONTH(DATE(2025,7,1),0) ), IF(_xlpm.x=0, "-", _xlpm.x) ) -> - | P2: =_xlfn.LET( _xlpm.x, _xlfn.MAXIFS( raw_stack!H$2:H$100000, raw_stack!D$2:D$100000, G2, raw_stack!F$2:F$100000, "Iya", raw_stack!G$2:G$100000, ">="&DATE(2025,7,1), raw_stack!G$2:G$100000, "<="&EOMONTH(DATE(2025,7,1),0) ), IF(OR(_xlpm.x=0, _xlpm.x=""), "-", _xlpm.x) ) -> - | Q2: =_xlfn.LET( _xlpm.x, _xlfn.MAXIFS( raw_stack!G$2:G$99411, raw_stack!D$2:D$99411, G2, raw_stack!F$2:F$99411, "Iya", raw_stack!G$2:G$99411, ">="&DATE(2025,8,1), raw_stack!G$2:G$99411, "<="&EOMONTH(DATE(2025,8,1),0) ), IF(_xlpm.x=0, "-", _xlpm.x) ) -> 45897 | R2: =_xlfn.LET( _xlpm.x, _xlfn.MAXIFS( raw_stack!H$2:H$100000, raw_stack!D$2:D$100000, G2, raw_stack!F$2:F$100000, "Iya", raw_stack!G$2:G$100000, ">="&DATE(2025,8,1), raw_stack!G$2:G$100000, "<="&EOMONTH(DATE(2025,8,1),0) ), IF(OR(_xlpm.x=0, _xlpm.x=""), "-", _xlpm.x) ) -> 68652 | S2: =_xlfn.LET( _xlpm.x, _xlfn.MAXIFS( raw_stack!G$2:G$99411, raw_stack!D$2:D$99411, G2, raw_stack!F$2:F$99411, "Iya", raw_stack!G$2:G$99411, ">="&DATE(2025,9,1), raw_stack!G$2:G$99411, "<="&EOMONTH(DATE(2025,9,1),0) ), IF(_xlpm.x=0, "-", _xlpm.x) ) -> - | T2: =_xlfn.LET( _xlpm.x, _xlfn.MAXIFS( raw_stack!H$2:H$100000, raw_stack!D$2:D$100000, G2, raw_stack!F$2:F$100000, "Iya", raw_stack!G$2:G$100000, ">="&DATE(2025,9,1), raw_stack!G$2:G$100000, "<="&EOMONTH(DATE(2025,9,1),0) ), IF(OR(_xlpm.x=0, _xlpm.x=""), "-", _xlpm.x) ) -> - | U2: =_xlfn.LET( _xlpm.x, _xlfn.MAXIFS( raw_stack!G$2:G$99411, raw_stack!D$2:D$99411, G2, raw_stack!F$2:F$99411, "Iya", raw_stack!G$2:G$99411, ">="&DATE(2025,10,1), raw_stack!G$2:G$99411, "<="&EOMONTH(DATE(2025,10,1),0) ), IF(_xlpm.x=0, "-", _xlpm.x) ) -> - | V2: =_xlfn.LET( _xlpm.x, _xlfn.MAXIFS( raw_stack!H$2:H$100000, raw_stack!D$2:D$100000, G2, raw_stack!F$2:F$100000, "Iya", raw_stack!G$2:G$100000, ">="&DATE(2025,10,1), raw_stack!G$2:G$100000, "<="&EOMONTH(DATE(2025,10,1),0) ), IF(OR(_xlpm.x=0, _xlpm.x=""), "-", _xlpm.x) ) -> - | W2: =_xlfn.LET( _xlpm.x, _xlfn.MAXIFS( raw_stack!G$2:G$99411, raw_stack!D$2:D$99411, G2, raw_stack!F$2:F$99411, "Iya", raw_stack!G$2:G$99411, ">="&DATE(2025,11,1), raw_stack!G$2:G$99411, "<="&EOMONTH(DATE(2025,11,1),0) ), IF(_xlpm.x=0, "-", _xlpm.x) ) -> - | X2: =_xlfn.LET( _xlpm.x, _xlfn.MAXIFS( raw_stack!H$2:H$100000, raw_stack!D$2:D$100000, G2, raw_stack!F$2:F$100000, "Iya", raw_stack!G$2:G$100000, ">="&DATE(2025,11,1), raw_stack!G$2:G$100000, "<="&EOMONTH(DATE(2025,11,1),0) ), IF(OR(_xlpm.x=0, _xlpm.x=""), "-", _xlpm.x) ) -> - | Y2: =_xlfn.LET( _xlpm.x, _xlfn.MAXIFS( raw_stack!G$2:G$99411, raw_stack!D$2:D$99411, G2, raw_stack!F$2:F$99411, "Iya", raw_stack!G$2:G$99411, ">="&DATE(2025,12,1), raw_stack!G$2:G$99411, "<="&EOMONTH(DATE(2025,12,1),0) ), IF(_xlpm.x=0, "-", _xlpm.x) ) -> - | Z2: =_xlfn.LET( _xlpm.x, _xlfn.MAXIFS( raw_stack!H$2:H$100000, raw_stack!D$2:D$100000, G2, raw_stack!F$2:F$100000, "Iya", raw_stack!G$2:G$100000, ">="&DATE(2025,12,1), raw_stack!G$2:G$100000, "<="&EOMONTH(DATE(2025,12,1),0) ), IF(OR(_xlpm.x=0, _xlpm.x=""), "-", _xlpm.x) ) -> - | AA2: =_xlfn.LET( _xlpm.x, _xlfn.MAXIFS( raw_stack!G$2:G$99411, raw_stack!D$2:D$99411, G2, raw_stack!F$2:F$99411, "Iya", raw_stack!G$2:G$99411, ">="&DATE(2026,1,1), raw_stack!G$2:G$99411, "<="&EOMONTH(DATE(2026,1,1),0) ), IF(_xlpm.x=0, "-", _xlpm.x) ) -> - | AB2: =_xlfn.LET( _xlpm.x, _xlfn.MAXIFS( raw_stack!H$2:H$100000, raw_stack!D$2:D$100000, G2, raw_stack!F$2:F$100000, "Iya", raw_stack!G$2:G$100000, ">="&DATE(2026,1,1), raw_stack!G$2:G$100000, "<="&EOMONTH(DATE(2026,1,1),0) ), IF(OR(_xlpm.x=0, _xlpm.x=""), "-", _xlpm.x) ) -> - | AC2: =_xlfn.LET( _xlpm.x, _xlfn.MAXIFS( raw_stack!G$2:G$99411, raw_stack!D$2:D$99411, G2, raw_stack!F$2:F$99411, "Iya", raw_stack!G$2:G$99411, ">="&DATE(2026,2,1), raw_stack!G$2:G$99411, "<="&EOMONTH(DATE(2026,2,1),0) ), IF(_xlpm.x=0, "-", _xlpm.x) ) -> - | AD2: =_xlfn.LET( _xlpm.x, _xlfn.MAXIFS( raw_stack!H$2:H$100000, raw_stack!D$2:D$100000, G2, raw_stack!F$2:F$100000, "Iya", raw_stack!G$2:G$100000, ">="&DATE(2026,2,1), raw_stack!G$2:G$100000, "<="&EOMONTH(DATE(2026,2,1),0) ), IF(OR(_xlpm.x=0, _xlpm.x=""), "-", _xlpm.x) ) -> - | AE2: =_xlfn.LET( _xlpm.x, _xlfn.MAXIFS( raw_stack!G$2:G$100000, raw_stack!D$2:D$100000, G2, raw_stack!F$2:F$100000, "Iya", raw_stack!G$2:G$100000, ">="&DATE(2026,3,1), raw_stack!G$2:G$100000, "<="&EOMONTH(DATE(2026,3,1),0) ), IF(_xlpm.x=0, "-", _xlpm.x) ) -> - | AF2: =_xlfn.LET( _xlpm.x, _xlfn.MAXIFS( raw_stack!H$2:H$100000, raw_stack!D$2:D$100000, G2, raw_stack!F$2:F$100000, "Iya", raw_stack!G$2:G$100000, ">="&DATE(2026,3,1), raw_stack!G$2:G$100000, "<="&EOMONTH(DATE(2026,3,1),0) ), IF(OR(_xlpm.x=0, _xlpm.x=""), "-", _xlpm.x) ) -> - | AG2: =_xlfn.LET( _xlpm.x, _xlfn.MAXIFS( raw_stack!G$2:G$100000, raw_stack!D$2:D$100000, G2, raw_stack!F$2:F$100000, "Iya", raw_stack!G$2:G$100000, ">="&DATE(2026,4,1), raw_stack!G$2:G$100000, "<="&EOMONTH(DATE(2026,4,1),0) ), IF(_xlpm.x=0, "-", _xlpm.x) ) -> - | AH2: =_xlfn.LET( _xlpm.x, _xlfn.MAXIFS( raw_stack!H$2:H$100000, raw_stack!D$2:D$100000, G2, raw_stack!F$2:F$100000, "Iya", raw_stack!G$2:G$100000, ">="&DATE(2026,4,1), raw_stack!G$2:G$100000, "<="&EOMONTH(DATE(2026,4,1),0) ), IF(OR(_xlpm.x=0, _xlpm.x=""), "-", _xlpm.x) ) -> -
A3: 2 | B3: =LEFT(D3,5) -> 69968 | C3: Vehicle Rent | D3: 69968 BALIKPAPAN | E3: Gran Max Pick Up (TRAC) | F3: Sewa kendaraan operasional | G3: B8269XJ | H3: OPR | I3: PICKUP | J3: 3605000 | K3: 46075 | L3: 46255 | M3: 46074 | N3: ACTIVE | O3: =_xlfn.LET( _xlpm.x, _xlfn.MAXIFS( raw_stack!G$2:G$100000, raw_stack!D$2:D$100000, G3, raw_stack!F$2:F$100000, "Iya", raw_stack!G$2:G$100000, ">="&DATE(2025,7,1), raw_stack!G$2:G$100000, "<="&EOMONTH(DATE(2025,7,1),0) ), IF(_xlpm.x=0, "-", _xlpm.x) ) -> - | P3: =_xlfn.LET( _xlpm.x, _xlfn.MAXIFS( raw_stack!H$2:H$100000, raw_stack!D$2:D$100000, G3, raw_stack!F$2:F$100000, "Iya", raw_stack!G$2:G$100000, ">="&DATE(2025,7,1), raw_stack!G$2:G$100000, "<="&EOMONTH(DATE(2025,7,1),0) ), IF(OR(_xlpm.x=0, _xlpm.x=""), "-", _xlpm.x) ) -> - | Q3: =_xlfn.LET( _xlpm.x, _xlfn.MAXIFS( raw_stack!G$2:G$99411, raw_stack!D$2:D$99411, G3, raw_stack!F$2:F$99411, "Iya", raw_stack!G$2:G$99411, ">="&DATE(2025,8,1), raw_stack!G$2:G$99411, "<="&EOMONTH(DATE(2025,8,1),0) ), IF(_xlpm.x=0, "-", _xlpm.x) ) -> - | R3: =_xlfn.LET( _xlpm.x, _xlfn.MAXIFS( raw_stack!H$2:H$100000, raw_stack!D$2:D$100000, G3, raw_stack!F$2:F$100000, "Iya", raw_stack!G$2:G$100000, ">="&DATE(2025,8,1), raw_stack!G$2:G$100000, "<="&EOMONTH(DATE(2025,8,1),0) ), IF(OR(_xlpm.x=0, _xlpm.x=""), "-", _xlpm.x) ) -> - | S3: =_xlfn.LET( _xlpm.x, _xlfn.MAXIFS( raw_stack!G$2:G$99411, raw_stack!D$2:D$99411, G3, raw_stack!F$2:F$99411, "Iya", raw_stack!G$2:G$99411, ">="&DATE(2025,9,1), raw_stack!G$2:G$99411, "<="&EOMONTH(DATE(2025,9,1),0) ), IF(_xlpm.x=0, "-", _xlpm.x) ) -> 45924 | T3: =_xlfn.LET( _xlpm.x, _xlfn.MAXIFS( raw_stack!H$2:H$100000, raw_stack!D$2:D$100000, G3, raw_stack!F$2:F$100000, "Iya", raw_stack!G$2:G$100000, ">="&DATE(2025,9,1), raw_stack!G$2:G$100000, "<="&EOMONTH(DATE(2025,9,1),0) ), IF(OR(_xlpm.x=0, _xlpm.x=""), "-", _xlpm.x) ) -> 26493 | U3: =_xlfn.LET( _xlpm.x, _xlfn.MAXIFS( raw_stack!G$2:G$99411, raw_stack!D$2:D$99411, G3, raw_stack!F$2:F$99411, "Iya", raw_stack!G$2:G$99411, ">="&DATE(2025,10,1), raw_stack!G$2:G$99411, "<="&EOMONTH(DATE(2025,10,1),0) ), IF(_xlpm.x=0, "-", _xlpm.x) ) -> - | V3: =_xlfn.LET( _xlpm.x, _xlfn.MAXIFS( raw_stack!H$2:H$100000, raw_stack!D$2:D$100000, G3, raw_stack!F$2:F$100000, "Iya", raw_stack!G$2:G$100000, ">="&DATE(2025,10,1), raw_stack!G$2:G$100000, "<="&EOMONTH(DATE(2025,10,1),0) ), IF(OR(_xlpm.x=0, _xlpm.x=""), "-", _xlpm.x) ) -> - | W3: =_xlfn.LET( _xlpm.x, _xlfn.MAXIFS( raw_stack!G$2:G$99411, raw_stack!D$2:D$99411, G3, raw_stack!F$2:F$99411, "Iya", raw_stack!G$2:G$99411, ">="&DATE(2025,11,1), raw_stack!G$2:G$99411, "<="&EOMONTH(DATE(2025,11,1),0) ), IF(_xlpm.x=0, "-", _xlpm.x) ) -> - | X3: =_xlfn.LET( _xlpm.x, _xlfn.MAXIFS( raw_stack!H$2:H$100000, raw_stack!D$2:D$100000, G3, raw_stack!F$2:F$100000, "Iya", raw_stack!G$2:G$100000, ">="&DATE(2025,11,1), raw_stack!G$2:G$100000, "<="&EOMONTH(DATE(2025,11,1),0) ), IF(OR(_xlpm.x=0, _xlpm.x=""), "-", _xlpm.x) ) -> - | Y3: =_xlfn.LET( _xlpm.x, _xlfn.MAXIFS( raw_stack!G$2:G$99411, raw_stack!D$2:D$99411, G3, raw_stack!F$2:F$99411, "Iya", raw_stack!G$2:G$99411, ">="&DATE(2025,12,1), raw_stack!G$2:G$99411, "<="&EOMONTH(DATE(2025,12,1),0) ), IF(_xlpm.x=0, "-", _xlpm.x) ) -> - | Z3: =_xlfn.LET( _xlpm.x, _xlfn.MAXIFS( raw_stack!H$2:H$100000, raw_stack!D$2:D$100000, G3, raw_stack!F$2:F$100000, "Iya", raw_stack!G$2:G$100000, ">="&DATE(2025,12,1), raw_stack!G$2:G$100000, "<="&EOMONTH(DATE(2025,12,1),0) ), IF(OR(_xlpm.x=0, _xlpm.x=""), "-", _xlpm.x) ) -> - | AA3: =_xlfn.LET( _xlpm.x, _xlfn.MAXIFS( raw_stack!G$2:G$99411, raw_stack!D$2:D$99411, G3, raw_stack!F$2:F$99411, "Iya", raw_stack!G$2:G$99411, ">="&DATE(2026,1,1), raw_stack!G$2:G$99411, "<="&EOMONTH(DATE(2026,1,1),0) ), IF(_xlpm.x=0, "-", _xlpm.x) ) -> 46036 | AB3: =_xlfn.LET( _xlpm.x, _xlfn.MAXIFS( raw_stack!H$2:H$100000, raw_stack!D$2:D$100000, G3, raw_stack!F$2:F$100000, "Iya", raw_stack!G$2:G$100000, ">="&DATE(2026,1,1), raw_stack!G$2:G$100000, "<="&EOMONTH(DATE(2026,1,1),0) ), IF(OR(_xlpm.x=0, _xlpm.x=""), "-", _xlpm.x) ) -> 31963 | AC3: =_xlfn.LET( _xlpm.x, _xlfn.MAXIFS( raw_stack!G$2:G$99411, raw_stack!D$2:D$99411, G3, raw_stack!F$2:F$99411, "Iya", raw_stack!G$2:G$99411, ">="&DATE(2026,2,1), raw_stack!G$2:G$99411, "<="&EOMONTH(DATE(2026,2,1),0) ), IF(_xlpm.x=0, "-", _xlpm.x) ) -> - | AD3: =_xlfn.LET( _xlpm.x, _xlfn.MAXIFS( raw_stack!H$2:H$100000, raw_stack!D$2:D$100000, G3, raw_stack!F$2:F$100000, "Iya", raw_stack!G$2:G$100000, ">="&DATE(2026,2,1), raw_stack!G$2:G$100000, "<="&EOMONTH(DATE(2026,2,1),0) ), IF(OR(_xlpm.x=0, _xlpm.x=""), "-", _xlpm.x) ) -> - | AE3: =_xlfn.LET( _xlpm.x, _xlfn.MAXIFS( raw_stack!G$2:G$100000, raw_stack!D$2:D$100000, G3, raw_stack!F$2:F$100000, "Iya", raw_stack!G$2:G$100000, ">="&DATE(2026,3,1), raw_stack!G$2:G$100000, "<="&EOMONTH(DATE(2026,3,1),0) ), IF(_xlpm.x=0, "-", _xlpm.x) ) -> - | AF3: =_xlfn.LET( _xlpm.x, _xlfn.MAXIFS( raw_stack!H$2:H$100000, raw_stack!D$2:D$100000, G3, raw_stack!F$2:F$100000, "Iya", raw_stack!G$2:G$100000, ">="&DATE(2026,3,1), raw_stack!G$2:G$100000, "<="&EOMONTH(DATE(2026,3,1),0) ), IF(OR(_xlpm.x=0, _xlpm.x=""), "-", _xlpm.x) ) -> - | AG3: =_xlfn.LET( _xlpm.x, _xlfn.MAXIFS( raw_stack!G$2:G$100000, raw_stack!D$2:D$100000, G3, raw_stack!F$2:F$100000, "Iya", raw_stack!G$2:G$100000, ">="&DATE(2026,4,1), raw_stack!G$2:G$100000, "<="&EOMONTH(DATE(2026,4,1),0) ), IF(_xlpm.x=0, "-", _xlpm.x) ) -> - | AH3: =_xlfn.LET( _xlpm.x, _xlfn.MAXIFS( raw_stack!H$2:H$100000, raw_stack!D$2:D$100000, G3, raw_stack!F$2:F$100000, "Iya", raw_stack!G$2:G$100000, ">="&DATE(2026,4,1), raw_stack!G$2:G$100000, "<="&EOMONTH(DATE(2026,4,1),0) ), IF(OR(_xlpm.x=0, _xlpm.x=""), "-", _xlpm.x) ) -> -
A4: 3 | B4: =LEFT(D4,5) -> 23209 | C4: Vehicle Rent | D4: 23209 SUBANG POS | E4: Gran Max Pick Up (Badan) | F4: Sewa kendaraan operasional | G4: B9912VG | H4: OPR | I4: PICKUP | J4: 5075000 | K4: 46081 | L4: 46261 | M4: 46049 | N4: ACTIVE | O4: =_xlfn.LET( _xlpm.x, _xlfn.MAXIFS( raw_stack!G$2:G$100000, raw_stack!D$2:D$100000, G4, raw_stack!F$2:F$100000, "Iya", raw_stack!G$2:G$100000, ">="&DATE(2025,7,1), raw_stack!G$2:G$100000, "<="&EOMONTH(DATE(2025,7,1),0) ), IF(_xlpm.x=0, "-", _xlpm.x) ) -> - | P4: =_xlfn.LET( _xlpm.x, _xlfn.MAXIFS( raw_stack!H$2:H$100000, raw_stack!D$2:D$100000, G4, raw_stack!F$2:F$100000, "Iya", raw_stack!G$2:G$100000, ">="&DATE(2025,7,1), raw_stack!G$2:G$100000, "<="&EOMONTH(DATE(2025,7,1),0) ), IF(OR(_xlpm.x=0, _xlpm.x=""), "-", _xlpm.x) ) -> - | Q4: =_xlfn.LET( _xlpm.x, _xlfn.MAXIFS( raw_stack!G$2:G$99411, raw_stack!D$2:D$99411, G4, raw_stack!F$2:F$99411, "Iya", raw_stack!G$2:G$99411, ">="&DATE(2025,8,1), raw_stack!G$2:G$99411, "<="&EOMONTH(DATE(2025,8,1),0) ), IF(_xlpm.x=0, "-", _xlpm.x) ) -> - | R4: =_xlfn.LET( _xlpm.x, _xlfn.MAXIFS( raw_stack!H$2:H$100000, raw_stack!D$2:D$100000, G4, raw_stack!F$2:F$100000, "Iya", raw_stack!G$2:G$100000, ">="&DATE(2025,8,1), raw_stack!G$2:G$100000, "<="&EOMONTH(DATE(2025,8,1),0) ), IF(OR(_xlpm.x=0, _xlpm.x=""), "-", _xlpm.x) ) -> - | S4: =_xlfn.LET( _xlpm.x, _xlfn.MAXIFS( raw_stack!G$2:G$99411, raw_stack!D$2:D$99411, G4, raw_stack!F$2:F$99411, "Iya", raw_stack!G$2:G$99411, ">="&DATE(2025,9,1), raw_stack!G$2:G$99411, "<="&EOMONTH(DATE(2025,9,1),0) ), IF(_xlpm.x=0, "-", _xlpm.x) ) -> 45918 | T4: =_xlfn.LET( _xlpm.x, _xlfn.MAXIFS( raw_stack!H$2:H$100000, raw_stack!D$2:D$100000, G4, raw_stack!F$2:F$100000, "Iya", raw_stack!G$2:G$100000, ">="&DATE(2025,9,1), raw_stack!G$2:G$100000, "<="&EOMONTH(DATE(2025,9,1),0) ), IF(OR(_xlpm.x=0, _xlpm.x=""), "-", _xlpm.x) ) -> 115845 | U4: =_xlfn.LET( _xlpm.x, _xlfn.MAXIFS( raw_stack!G$2:G$99411, raw_stack!D$2:D$99411, G4, raw_stack!F$2:F$99411, "Iya", raw_stack!G$2:G$99411, ">="&DATE(2025,10,1), raw_stack!G$2:G$99411, "<="&EOMONTH(DATE(2025,10,1),0) ), IF(_xlpm.x=0, "-", _xlpm.x) ) -> - | V4: =_xlfn.LET( _xlpm.x, _xlfn.MAXIFS( raw_stack!H$2:H$100000, raw_stack!D$2:D$100000, G4, raw_stack!F$2:F$100000, "Iya", raw_stack!G$2:G$100000, ">="&DATE(2025,10,1), raw_stack!G$2:G$100000, "<="&EOMONTH(DATE(2025,10,1),0) ), IF(OR(_xlpm.x=0, _xlpm.x=""), "-", _xlpm.x) ) -> - | W4: =_xlfn.LET( _xlpm.x, _xlfn.MAXIFS( raw_stack!G$2:G$99411, raw_stack!D$2:D$99411, G4, raw_stack!F$2:F$99411, "Iya", raw_stack!G$2:G$99411, ">="&DATE(2025,11,1), raw_stack!G$2:G$99411, "<="&EOMONTH(DATE(2025,11,1),0) ), IF(_xlpm.x=0, "-", _xlpm.x) ) -> - | X4: =_xlfn.LET( _xlpm.x, _xlfn.MAXIFS( raw_stack!H$2:H$100000, raw_stack!D$2:D$100000, G4, raw_stack!F$2:F$100000, "Iya", raw_stack!G$2:G$100000, ">="&DATE(2025,11,1), raw_stack!G$2:G$100000, "<="&EOMONTH(DATE(2025,11,1),0) ), IF(OR(_xlpm.x=0, _xlpm.x=""), "-", _xlpm.x) ) -> - | Y4: =_xlfn.LET( _xlpm.x, _xlfn.MAXIFS( raw_stack!G$2:G$99411, raw_stack!D$2:D$99411, G4, raw_stack!F$2:F$99411, "Iya", raw_stack!G$2:G$99411, ">="&DATE(2025,12,1), raw_stack!G$2:G$99411, "<="&EOMONTH(DATE(2025,12,1),0) ), IF(_xlpm.x=0, "-", _xlpm.x) ) -> - | Z4: =_xlfn.LET( _xlpm.x, _xlfn.MAXIFS( raw_stack!H$2:H$100000, raw_stack!D$2:D$100000, G4, raw_stack!F$2:F$100000, "Iya", raw_stack!G$2:G$100000, ">="&DATE(2025,12,1), raw_stack!G$2:G$100000, "<="&EOMONTH(DATE(2025,12,1),0) ), IF(OR(_xlpm.x=0, _xlpm.x=""), "-", _xlpm.x) ) -> - | AA4: =_xlfn.LET( _xlpm.x, _xlfn.MAXIFS( raw_stack!G$2:G$99411, raw_stack!D$2:D$99411, G4, raw_stack!F$2:F$99411, "Iya", raw_stack!G$2:G$99411, ">="&DATE(2026,1,1), raw_stack!G$2:G$99411, "<="&EOMONTH(DATE(2026,1,1),0) ), IF(_xlpm.x=0, "-", _xlpm.x) ) -> 46035 | AB4: =_xlfn.LET( _xlpm.x, _xlfn.MAXIFS( raw_stack!H$2:H$100000, raw_stack!D$2:D$100000, G4, raw_stack!F$2:F$100000, "Iya", raw_stack!G$2:G$100000, ">="&DATE(2026,1,1), raw_stack!G$2:G$100000, "<="&EOMONTH(DATE(2026,1,1),0) ), IF(OR(_xlpm.x=0, _xlpm.x=""), "-", _xlpm.x) ) -> 107336 | AC4: =_xlfn.LET( _xlpm.x, _xlfn.MAXIFS( raw_stack!G$2:G$99411, raw_stack!D$2:D$99411, G4, raw_stack!F$2:F$99411, "Iya", raw_stack!G$2:G$99411, ">="&DATE(2026,2,1), raw_stack!G$2:G$99411, "<="&EOMONTH(DATE(2026,2,1),0) ), IF(_xlpm.x=0, "-", _xlpm.x) ) -> - | AD4: =_xlfn.LET( _xlpm.x, _xlfn.MAXIFS( raw_stack!H$2:H$100000, raw_stack!D$2:D$100000, G4, raw_stack!F$2:F$100000, "Iya", raw_stack!G$2:G$100000, ">="&DATE(2026,2,1), raw_stack!G$2:G$100000, "<="&EOMONTH(DATE(2026,2,1),0) ), IF(OR(_xlpm.x=0, _xlpm.x=""), "-", _xlpm.x) ) -> - | AE4: =_xlfn.LET( _xlpm.x, _xlfn.MAXIFS( raw_stack!G$2:G$100000, raw_stack!D$2:D$100000, G4, raw_stack!F$2:F$100000, "Iya", raw_stack!G$2:G$100000, ">="&DATE(2026,3,1), raw_stack!G$2:G$100000, "<="&EOMONTH(DATE(2026,3,1),0) ), IF(_xlpm.x=0, "-", _xlpm.x) ) -> - | AF4: =_xlfn.LET( _xlpm.x, _xlfn.MAXIFS( raw_stack!H$2:H$100000, raw_stack!D$2:D$100000, G4, raw_stack!F$2:F$100000, "Iya", raw_stack!G$2:G$100000, ">="&DATE(2026,3,1), raw_stack!G$2:G$100000, "<="&EOMONTH(DATE(2026,3,1),0) ), IF(OR(_xlpm.x=0, _xlpm.x=""), "-", _xlpm.x) ) -> - | AG4: =_xlfn.LET( _xlpm.x, _xlfn.MAXIFS( raw_stack!G$2:G$100000, raw_stack!D$2:D$100000, G4, raw_stack!F$2:F$100000, "Iya", raw_stack!G$2:G$100000, ">="&DATE(2026,4,1), raw_stack!G$2:G$100000, "<="&EOMONTH(DATE(2026,4,1),0) ), IF(_xlpm.x=0, "-", _xlpm.x) ) -> - | AH4: =_xlfn.LET( _xlpm.x, _xlfn.MAXIFS( raw_stack!H$2:H$100000, raw_stack!D$2:D$100000, G4, raw_stack!F$2:F$100000, "Iya", raw_stack!G$2:G$100000, ">="&DATE(2026,4,1), raw_stack!G$2:G$100000, "<="&EOMONTH(DATE(2026,4,1),0) ), IF(OR(_xlpm.x=0, _xlpm.x=""), "-", _xlpm.x) ) -> -
A5: 4 | B5: =LEFT(D5,5) -> 89677 | C5: Vehicle Rent | D5: 89677 MAKASSAR | E5: Gran Max Pick Up (Badan) | F5: Sewa kendaraan operasional | G5: DD1709SU | H5: OPR | I5: PICKUP | J5: 4000000 | K5: 44988 | L5: 46083 | M5: 46083 | N5: ACTIVE | O5: =_xlfn.LET( _xlpm.x, _xlfn.MAXIFS( raw_stack!G$2:G$100000, raw_stack!D$2:D$100000, G5, raw_stack!F$2:F$100000, "Iya", raw_stack!G$2:G$100000, ">="&DATE(2025,7,1), raw_stack!G$2:G$100000, "<="&EOMONTH(DATE(2025,7,1),0) ), IF(_xlpm.x=0, "-", _xlpm.x) ) -> - | P5: =_xlfn.LET( _xlpm.x, _xlfn.MAXIFS( raw_stack!H$2:H$100000, raw_stack!D$2:D$100000, G5, raw_stack!F$2:F$100000, "Iya", raw_stack!G$2:G$100000, ">="&DATE(2025,7,1), raw_stack!G$2:G$100000, "<="&EOMONTH(DATE(2025,7,1),0) ), IF(OR(_xlpm.x=0, _xlpm.x=""), "-", _xlpm.x) ) -> - | Q5: =_xlfn.LET( _xlpm.x, _xlfn.MAXIFS( raw_stack!G$2:G$99411, raw_stack!D$2:D$99411, G5, raw_stack!F$2:F$99411, "Iya", raw_stack!G$2:G$99411, ">="&DATE(2025,8,1), raw_stack!G$2:G$99411, "<="&EOMONTH(DATE(2025,8,1),0) ), IF(_xlpm.x=0, "-", _xlpm.x) ) -> - | R5: =_xlfn.LET( _xlpm.x, _xlfn.MAXIFS( raw_stack!H$2:H$100000, raw_stack!D$2:D$100000, G5, raw_stack!F$2:F$100000, "Iya", raw_stack!G$2:G$100000, ">="&DATE(2025,8,1), raw_stack!G$2:G$100000, "<="&EOMONTH(DATE(2025,8,1),0) ), IF(OR(_xlpm.x=0, _xlpm.x=""), "-", _xlpm.x) ) -> - | S5: =_xlfn.LET( _xlpm.x, _xlfn.MAXIFS( raw_stack!G$2:G$99411, raw_stack!D$2:D$99411, G5, raw_stack!F$2:F$99411, "Iya", raw_stack!G$2:G$99411, ">="&DATE(2025,9,1), raw_stack!G$2:G$99411, "<="&EOMONTH(DATE(2025,9,1),0) ), IF(_xlpm.x=0, "-", _xlpm.x) ) -> - | T5: =_xlfn.LET( _xlpm.x, _xlfn.MAXIFS( raw_stack!H$2:H$100000, raw_stack!D$2:D$100000, G5, raw_stack!F$2:F$100000, "Iya", raw_stack!G$2:G$100000, ">="&DATE(2025,9,1), raw_stack!G$2:G$100000, "<="&EOMONTH(DATE(2025,9,1),0) ), IF(OR(_xlpm.x=0, _xlpm.x=""), "-", _xlpm.x) ) -> - | U5: =_xlfn.LET( _xlpm.x, _xlfn.MAXIFS( raw_stack!G$2:G$99411, raw_stack!D$2:D$99411, G5, raw_stack!F$2:F$99411, "Iya", raw_stack!G$2:G$99411, ">="&DATE(2025,10,1), raw_stack!G$2:G$99411, "<="&EOMONTH(DATE(2025,10,1),0) ), IF(_xlpm.x=0, "-", _xlpm.x) ) -> - | V5: =_xlfn.LET( _xlpm.x, _xlfn.MAXIFS( raw_stack!H$2:H$100000, raw_stack!D$2:D$100000, G5, raw_stack!F$2:F$100000, "Iya", raw_stack!G$2:G$100000, ">="&DATE(2025,10,1), raw_stack!G$2:G$100000, "<="&EOMONTH(DATE(2025,10,1),0) ), IF(OR(_xlpm.x=0, _xlpm.x=""), "-", _xlpm.x) ) -> - | W5: =_xlfn.LET( _xlpm.x, _xlfn.MAXIFS( raw_stack!G$2:G$99411, raw_stack!D$2:D$99411, G5, raw_stack!F$2:F$99411, "Iya", raw_stack!G$2:G$99411, ">="&DATE(2025,11,1), raw_stack!G$2:G$99411, "<="&EOMONTH(DATE(2025,11,1),0) ), IF(_xlpm.x=0, "-", _xlpm.x) ) -> 45986 | X5: =_xlfn.LET( _xlpm.x, _xlfn.MAXIFS( raw_stack!H$2:H$100000, raw_stack!D$2:D$100000, G5, raw_stack!F$2:F$100000, "Iya", raw_stack!G$2:G$100000, ">="&DATE(2025,11,1), raw_stack!G$2:G$100000, "<="&EOMONTH(DATE(2025,11,1),0) ), IF(OR(_xlpm.x=0, _xlpm.x=""), "-", _xlpm.x) ) -> 37103 | Y5: =_xlfn.LET( _xlpm.x, _xlfn.MAXIFS( raw_stack!G$2:G$99411, raw_stack!D$2:D$99411, G5, raw_stack!F$2:F$99411, "Iya", raw_stack!G$2:G$99411, ">="&DATE(2025,12,1), raw_stack!G$2:G$99411, "<="&EOMONTH(DATE(2025,12,1),0) ), IF(_xlpm.x=0, "-", _xlpm.x) ) -> - | Z5: =_xlfn.LET( _xlpm.x, _xlfn.MAXIFS( raw_stack!H$2:H$100000, raw_stack!D$2:D$100000, G5, raw_stack!F$2:F$100000, "Iya", raw_stack!G$2:G$100000, ">="&DATE(2025,12,1), raw_stack!G$2:G$100000, "<="&EOMONTH(DATE(2025,12,1),0) ), IF(OR(_xlpm.x=0, _xlpm.x=""), "-", _xlpm.x) ) -> - | AA5: =_xlfn.LET( _xlpm.x, _xlfn.MAXIFS( raw_stack!G$2:G$99411, raw_stack!D$2:D$99411, G5, raw_stack!F$2:F$99411, "Iya", raw_stack!G$2:G$99411, ">="&DATE(2026,1,1), raw_stack!G$2:G$99411, "<="&EOMONTH(DATE(2026,1,1),0) ), IF(_xlpm.x=0, "-", _xlpm.x) ) -> - | AB5: =_xlfn.LET( _xlpm.x, _xlfn.MAXIFS( raw_stack!H$2:H$100000, raw_stack!D$2:D$100000, G5, raw_stack!F$2:F$100000, "Iya", raw_stack!G$2:G$100000, ">="&DATE(2026,1,1), raw_stack!G$2:G$100000, "<="&EOMONTH(DATE(2026,1,1),0) ), IF(OR(_xlpm.x=0, _xlpm.x=""), "-", _xlpm.x) ) -> - | AC5: =_xlfn.LET( _xlpm.x, _xlfn.MAXIFS( raw_stack!G$2:G$99411, raw_stack!D$2:D$99411, G5, raw_stack!F$2:F$99411, "Iya", raw_stack!G$2:G$99411, ">="&DATE(2026,2,1), raw_stack!G$2:G$99411, "<="&EOMONTH(DATE(2026,2,1),0) ), IF(_xlpm.x=0, "-", _xlpm.x) ) -> - | AD5: =_xlfn.LET( _xlpm.x, _xlfn.MAXIFS( raw_stack!H$2:H$100000, raw_stack!D$2:D$100000, G5, raw_stack!F$2:F$100000, "Iya", raw_stack!G$2:G$100000, ">="&DATE(2026,2,1), raw_stack!G$2:G$100000, "<="&EOMONTH(DATE(2026,2,1),0) ), IF(OR(_xlpm.x=0, _xlpm.x=""), "-", _xlpm.x) ) -> - | AE5: =_xlfn.LET( _xlpm.x, _xlfn.MAXIFS( raw_stack!G$2:G$100000, raw_stack!D$2:D$100000, G5, raw_stack!F$2:F$100000, "Iya", raw_stack!G$2:G$100000, ">="&DATE(2026,3,1), raw_stack!G$2:G$100000, "<="&EOMONTH(DATE(2026,3,1),0) ), IF(_xlpm.x=0, "-", _xlpm.x) ) -> - | AF5: =_xlfn.LET( _xlpm.x, _xlfn.MAXIFS( raw_stack!H$2:H$100000, raw_stack!D$2:D$100000, G5, raw_stack!F$2:F$100000, "Iya", raw_stack!G$2:G$100000, ">="&DATE(2026,3,1), raw_stack!G$2:G$100000, "<="&EOMONTH(DATE(2026,3,1),0) ), IF(OR(_xlpm.x=0, _xlpm.x=""), "-", _xlpm.x) ) -> - | AG5: =_xlfn.LET( _xlpm.x, _xlfn.MAXIFS( raw_stack!G$2:G$100000, raw_stack!D$2:D$100000, G5, raw_stack!F$2:F$100000, "Iya", raw_stack!G$2:G$100000, ">="&DATE(2026,4,1), raw_stack!G$2:G$100000, "<="&EOMONTH(DATE(2026,4,1),0) ), IF(_xlpm.x=0, "-", _xlpm.x) ) -> - | AH5: =_xlfn.LET( _xlpm.x, _xlfn.MAXIFS( raw_stack!H$2:H$100000, raw_stack!D$2:D$100000, G5, raw_stack!F$2:F$100000, "Iya", raw_stack!G$2:G$100000, ">="&DATE(2026,4,1), raw_stack!G$2:G$100000, "<="&EOMONTH(DATE(2026,4,1),0) ), IF(OR(_xlpm.x=0, _xlpm.x=""), "-", _xlpm.x) ) -> -
A6: 5 | B6: =LEFT(D6,5) -> 89828 | C6: Vehicle Rent | D6: 89828 NAMLEA | E6: PICK UP TRAGA 2.5 4X2 MT D | F6: Sewa kendaraan operasional | G6: B3079BPJ | H6: OPR | I6: PICKUP | J6: 5950000 | K6: 45904 | L6: 46084 | M6: 46056 | N6: ACTIVE | O6: =_xlfn.LET( _xlpm.x, _xlfn.MAXIFS( raw_stack!G$2:G$100000, raw_stack!D$2:D$100000, G6, raw_stack!F$2:F$100000, "Iya", raw_stack!G$2:G$100000, ">="&DATE(2025,7,1), raw_stack!G$2:G$100000, "<="&EOMONTH(DATE(2025,7,1),0) ), IF(_xlpm.x=0, "-", _xlpm.x) ) -> - | P6: =_xlfn.LET( _xlpm.x, _xlfn.MAXIFS( raw_stack!H$2:H$100000, raw_stack!D$2:D$100000, G6, raw_stack!F$2:F$100000, "Iya", raw_stack!G$2:G$100000, ">="&DATE(2025,7,1), raw_stack!G$2:G$100000, "<="&EOMONTH(DATE(2025,7,1),0) ), IF(OR(_xlpm.x=0, _xlpm.x=""), "-", _xlpm.x) ) -> - | Q6: =_xlfn.LET( _xlpm.x, _xlfn.MAXIFS( raw_stack!G$2:G$99411, raw_stack!D$2:D$99411, G6, raw_stack!F$2:F$99411, "Iya", raw_stack!G$2:G$99411, ">="&DATE(2025,8,1), raw_stack!G$2:G$99411, "<="&EOMONTH(DATE(2025,8,1),0) ), IF(_xlpm.x=0, "-", _xlpm.x) ) -> 45889 | R6: =_xlfn.LET( _xlpm.x, _xlfn.MAXIFS( raw_stack!H$2:H$100000, raw_stack!D$2:D$100000, G6, raw_stack!F$2:F$100000, "Iya", raw_stack!G$2:G$100000, ">="&DATE(2025,8,1), raw_stack!G$2:G$100000, "<="&EOMONTH(DATE(2025,8,1),0) ), IF(OR(_xlpm.x=0, _xlpm.x=""), "-", _xlpm.x) ) -> 53445 | S6: =_xlfn.LET( _xlpm.x, _xlfn.MAXIFS( raw_stack!G$2:G$99411, raw_stack!D$2:D$99411, G6, raw_stack!F$2:F$99411, "Iya", raw_stack!G$2:G$99411, ">="&DATE(2025,9,1), raw_stack!G$2:G$99411, "<="&EOMONTH(DATE(2025,9,1),0) ), IF(_xlpm.x=0, "-", _xlpm.x) ) -> - | T6: =_xlfn.LET( _xlpm.x, _xlfn.MAXIFS( raw_stack!H$2:H$100000, raw_stack!D$2:D$100000, G6, raw_stack!F$2:F$100000, "Iya", raw_stack!G$2:G$100000, ">="&DATE(2025,9,1), raw_stack!G$2:G$100000, "<="&EOMONTH(DATE(2025,9,1),0) ), IF(OR(_xlpm.x=0, _xlpm.x=""), "-", _xlpm.x) ) -> - | U6: =_xlfn.LET( _xlpm.x, _xlfn.MAXIFS( raw_stack!G$2:G$99411, raw_stack!D$2:D$99411, G6, raw_stack!F$2:F$99411, "Iya", raw_stack!G$2:G$99411, ">="&DATE(2025,10,1), raw_stack!G$2:G$99411, "<="&EOMONTH(DATE(2025,10,1),0) ), IF(_xlpm.x=0, "-", _xlpm.x) ) -> - | V6: =_xlfn.LET( _xlpm.x, _xlfn.MAXIFS( raw_stack!H$2:H$100000, raw_stack!D$2:D$100000, G6, raw_stack!F$2:F$100000, "Iya", raw_stack!G$2:G$100000, ">="&DATE(2025,10,1), raw_stack!G$2:G$100000, "<="&EOMONTH(DATE(2025,10,1),0) ), IF(OR(_xlpm.x=0, _xlpm.x=""), "-", _xlpm.x) ) -> - | W6: =_xlfn.LET( _xlpm.x, _xlfn.MAXIFS( raw_stack!G$2:G$99411, raw_stack!D$2:D$99411, G6, raw_stack!F$2:F$99411, "Iya", raw_stack!G$2:G$99411, ">="&DATE(2025,11,1), raw_stack!G$2:G$99411, "<="&EOMONTH(DATE(2025,11,1),0) ), IF(_xlpm.x=0, "-", _xlpm.x) ) -> - | X6: =_xlfn.LET( _xlpm.x, _xlfn.MAXIFS( raw_stack!H$2:H$100000, raw_stack!D$2:D$100000, G6, raw_stack!F$2:F$100000, "Iya", raw_stack!G$2:G$100000, ">="&DATE(2025,11,1), raw_stack!G$2:G$100000, "<="&EOMONTH(DATE(2025,11,1),0) ), IF(OR(_xlpm.x=0, _xlpm.x=""), "-", _xlpm.x) ) -> - | Y6: =_xlfn.LET( _xlpm.x, _xlfn.MAXIFS( raw_stack!G$2:G$99411, raw_stack!D$2:D$99411, G6, raw_stack!F$2:F$99411, "Iya", raw_stack!G$2:G$99411, ">="&DATE(2025,12,1), raw_stack!G$2:G$99411, "<="&EOMONTH(DATE(2025,12,1),0) ), IF(_xlpm.x=0, "-", _xlpm.x) ) -> - | Z6: =_xlfn.LET( _xlpm.x, _xlfn.MAXIFS( raw_stack!H$2:H$100000, raw_stack!D$2:D$100000, G6, raw_stack!F$2:F$100000, "Iya", raw_stack!G$2:G$100000, ">="&DATE(2025,12,1), raw_stack!G$2:G$100000, "<="&EOMONTH(DATE(2025,12,1),0) ), IF(OR(_xlpm.x=0, _xlpm.x=""), "-", _xlpm.x) ) -> - | AA6: =_xlfn.LET( _xlpm.x, _xlfn.MAXIFS( raw_stack!G$2:G$99411, raw_stack!D$2:D$99411, G6, raw_stack!F$2:F$99411, "Iya", raw_stack!G$2:G$99411, ">="&DATE(2026,1,1), raw_stack!G$2:G$99411, "<="&EOMONTH(DATE(2026,1,1),0) ), IF(_xlpm.x=0, "-", _xlpm.x) ) -> 46028 | AB6: =_xlfn.LET( _xlpm.x, _xlfn.MAXIFS( raw_stack!H$2:H$100000, raw_stack!D$2:D$100000, G6, raw_stack!F$2:F$100000, "Iya", raw_stack!G$2:G$100000, ">="&DATE(2026,1,1), raw_stack!G$2:G$100000, "<="&EOMONTH(DATE(2026,1,1),0) ), IF(OR(_xlpm.x=0, _xlpm.x=""), "-", _xlpm.x) ) -> 55586 | AC6: =_xlfn.LET( _xlpm.x, _xlfn.MAXIFS( raw_stack!G$2:G$99411, raw_stack!D$2:D$99411, G6, raw_stack!F$2:F$99411, "Iya", raw_stack!G$2:G$99411, ">="&DATE(2026,2,1), raw_stack!G$2:G$99411, "<="&EOMONTH(DATE(2026,2,1),0) ), IF(_xlpm.x=0, "-", _xlpm.x) ) -> - | AD6: =_xlfn.LET( _xlpm.x, _xlfn.MAXIFS( raw_stack!H$2:H$100000, raw_stack!D$2:D$100000, G6, raw_stack!F$2:F$100000, "Iya", raw_stack!G$2:G$100000, ">="&DATE(2026,2,1), raw_stack!G$2:G$100000, "<="&EOMONTH(DATE(2026,2,1),0) ), IF(OR(_xlpm.x=0, _xlpm.x=""), "-", _xlpm.x) ) -> - | AE6: =_xlfn.LET( _xlpm.x, _xlfn.MAXIFS( raw_stack!G$2:G$100000, raw_stack!D$2:D$100000, G6, raw_stack!F$2:F$100000, "Iya", raw_stack!G$2:G$100000, ">="&DATE(2026,3,1), raw_stack!G$2:G$100000, "<="&EOMONTH(DATE(2026,3,1),0) ), IF(_xlpm.x=0, "-", _xlpm.x) ) -> - | AF6: =_xlfn.LET( _xlpm.x, _xlfn.MAXIFS( raw_stack!H$2:H$100000, raw_stack!D$2:D$100000, G6, raw_stack!F$2:F$100000, "Iya", raw_stack!G$2:G$100000, ">="&DATE(2026,3,1), raw_stack!G$2:G$100000, "<="&EOMONTH(DATE(2026,3,1),0) ), IF(OR(_xlpm.x=0, _xlpm.x=""), "-", _xlpm.x) ) -> - | AG6: =_xlfn.LET( _xlpm.x, _xlfn.MAXIFS( raw_stack!G$2:G$100000, raw_stack!D$2:D$100000, G6, raw_stack!F$2:F$100000, "Iya", raw_stack!G$2:G$100000, ">="&DATE(2026,4,1), raw_stack!G$2:G$100000, "<="&EOMONTH(DATE(2026,4,1),0) ), IF(_xlpm.x=0, "-", _xlpm.x) ) -> - | AH6: =_xlfn.LET( _xlpm.x, _xlfn.MAXIFS( raw_stack!H$2:H$100000, raw_stack!D$2:D$100000, G6, raw_stack!F$2:F$100000, "Iya", raw_stack!G$2:G$100000, ">="&DATE(2026,4,1), raw_stack!G$2:G$100000, "<="&EOMONTH(DATE(2026,4,1),0) ), IF(OR(_xlpm.x=0, _xlpm.x=""), "-", _xlpm.x) ) -> -
A7: 6 | B7: =LEFT(D7,5) -> 42609 | C7: Vehicle Rent | D7: 42609 LOMBOK TIMUR | E7: PICK UP TRAGA 2.5 4X2 MT D | F7: Sewa kendaraan operasional | G7: B3485RG | H7: OPR | I7: PICKUP | J7: 5950000 | K7: 45904 | L7: 46084 | M7: 46056 | N7: ACTIVE | O7: =_xlfn.LET( _xlpm.x, _xlfn.MAXIFS( raw_stack!G$2:G$100000, raw_stack!D$2:D$100000, G7, raw_stack!F$2:F$100000, "Iya", raw_stack!G$2:G$100000, ">="&DATE(2025,7,1), raw_stack!G$2:G$100000, "<="&EOMONTH(DATE(2025,7,1),0) ), IF(_xlpm.x=0, "-", _xlpm.x) ) -> - | P7: =_xlfn.LET( _xlpm.x, _xlfn.MAXIFS( raw_stack!H$2:H$100000, raw_stack!D$2:D$100000, G7, raw_stack!F$2:F$100000, "Iya", raw_stack!G$2:G$100000, ">="&DATE(2025,7,1), raw_stack!G$2:G$100000, "<="&EOMONTH(DATE(2025,7,1),0) ), IF(OR(_xlpm.x=0, _xlpm.x=""), "-", _xlpm.x) ) -> - | Q7: =_xlfn.LET( _xlpm.x, _xlfn.MAXIFS( raw_stack!G$2:G$99411, raw_stack!D$2:D$99411, G7, raw_stack!F$2:F$99411, "Iya", raw_stack!G$2:G$99411, ">="&DATE(2025,8,1), raw_stack!G$2:G$99411, "<="&EOMONTH(DATE(2025,8,1),0) ), IF(_xlpm.x=0, "-", _xlpm.x) ) -> 45880 | R7: =_xlfn.LET( _xlpm.x, _xlfn.MAXIFS( raw_stack!H$2:H$100000, raw_stack!D$2:D$100000, G7, raw_stack!F$2:F$100000, "Iya", raw_stack!G$2:G$100000, ">="&DATE(2025,8,1), raw_stack!G$2:G$100000, "<="&EOMONTH(DATE(2025,8,1),0) ), IF(OR(_xlpm.x=0, _xlpm.x=""), "-", _xlpm.x) ) -> 41303 | S7: =_xlfn.LET( _xlpm.x, _xlfn.MAXIFS( raw_stack!G$2:G$99411, raw_stack!D$2:D$99411, G7, raw_stack!F$2:F$99411, "Iya", raw_stack!G$2:G$99411, ">="&DATE(2025,9,1), raw_stack!G$2:G$99411, "<="&EOMONTH(DATE(2025,9,1),0) ), IF(_xlpm.x=0, "-", _xlpm.x) ) -> - | T7: =_xlfn.LET( _xlpm.x, _xlfn.MAXIFS( raw_stack!H$2:H$100000, raw_stack!D$2:D$100000, G7, raw_stack!F$2:F$100000, "Iya", raw_stack!G$2:G$100000, ">="&DATE(2025,9,1), raw_stack!G$2:G$100000, "<="&EOMONTH(DATE(2025,9,1),0) ), IF(OR(_xlpm.x=0, _xlpm.x=""), "-", _xlpm.x) ) -> - | U7: =_xlfn.LET( _xlpm.x, _xlfn.MAXIFS( raw_stack!G$2:G$99411, raw_stack!D$2:D$99411, G7, raw_stack!F$2:F$99411, "Iya", raw_stack!G$2:G$99411, ">="&DATE(2025,10,1), raw_stack!G$2:G$99411, "<="&EOMONTH(DATE(2025,10,1),0) ), IF(_xlpm.x=0, "-", _xlpm.x) ) -> - | V7: =_xlfn.LET( _xlpm.x, _xlfn.MAXIFS( raw_stack!H$2:H$100000, raw_stack!D$2:D$100000, G7, raw_stack!F$2:F$100000, "Iya", raw_stack!G$2:G$100000, ">="&DATE(2025,10,1), raw_stack!G$2:G$100000, "<="&EOMONTH(DATE(2025,10,1),0) ), IF(OR(_xlpm.x=0, _xlpm.x=""), "-", _xlpm.x) ) -> - | W7: =_xlfn.LET( _xlpm.x, _xlfn.MAXIFS( raw_stack!G$2:G$99411, raw_stack!D$2:D$99411, G7, raw_stack!F$2:F$99411, "Iya", raw_stack!G$2:G$99411, ">="&DATE(2025,11,1), raw_stack!G$2:G$99411, "<="&EOMONTH(DATE(2025,11,1),0) ), IF(_xlpm.x=0, "-", _xlpm.x) ) -> - | X7: =_xlfn.LET( _xlpm.x, _xlfn.MAXIFS( raw_stack!H$2:H$100000, raw_stack!D$2:D$100000, G7, raw_stack!F$2:F$100000, "Iya", raw_stack!G$2:G$100000, ">="&DATE(2025,11,1), raw_stack!G$2:G$100000, "<="&EOMONTH(DATE(2025,11,1),0) ), IF(OR(_xlpm.x=0, _xlpm.x=""), "-", _xlpm.x) ) -> - | Y7: =_xlfn.LET( _xlpm.x, _xlfn.MAXIFS( raw_stack!G$2:G$99411, raw_stack!D$2:D$99411, G7, raw_stack!F$2:F$99411, "Iya", raw_stack!G$2:G$99411, ">="&DATE(2025,12,1), raw_stack!G$2:G$99411, "<="&EOMONTH(DATE(2025,12,1),0) ), IF(_xlpm.x=0, "-", _xlpm.x) ) -> - | Z7: =_xlfn.LET( _xlpm.x, _xlfn.MAXIFS( raw_stack!H$2:H$100000, raw_stack!D$2:D$100000, G7, raw_stack!F$2:F$100000, "Iya", raw_stack!G$2:G$100000, ">="&DATE(2025,12,1), raw_stack!G$2:G$100000, "<="&EOMONTH(DATE(2025,12,1),0) ), IF(OR(_xlpm.x=0, _xlpm.x=""), "-", _xlpm.x) ) -> - | AA7: =_xlfn.LET( _xlpm.x, _xlfn.MAXIFS( raw_stack!G$2:G$99411, raw_stack!D$2:D$99411, G7, raw_stack!F$2:F$99411, "Iya", raw_stack!G$2:G$99411, ">="&DATE(2026,1,1), raw_stack!G$2:G$99411, "<="&EOMONTH(DATE(2026,1,1),0) ), IF(_xlpm.x=0, "-", _xlpm.x) ) -> - | AB7: =_xlfn.LET( _xlpm.x, _xlfn.MAXIFS( raw_stack!H$2:H$100000, raw_stack!D$2:D$100000, G7, raw_stack!F$2:F$100000, "Iya", raw_stack!G$2:G$100000, ">="&DATE(2026,1,1), raw_stack!G$2:G$100000, "<="&EOMONTH(DATE(2026,1,1),0) ), IF(OR(_xlpm.x=0, _xlpm.x=""), "-", _xlpm.x) ) -> - | AC7: =_xlfn.LET( _xlpm.x, _xlfn.MAXIFS( raw_stack!G$2:G$99411, raw_stack!D$2:D$99411, G7, raw_stack!F$2:F$99411, "Iya", raw_stack!G$2:G$99411, ">="&DATE(2026,2,1), raw_stack!G$2:G$99411, "<="&EOMONTH(DATE(2026,2,1),0) ), IF(_xlpm.x=0, "-", _xlpm.x) ) -> - | AD7: =_xlfn.LET( _xlpm.x, _xlfn.MAXIFS( raw_stack!H$2:H$100000, raw_stack!D$2:D$100000, G7, raw_stack!F$2:F$100000, "Iya", raw_stack!G$2:G$100000, ">="&DATE(2026,2,1), raw_stack!G$2:G$100000, "<="&EOMONTH(DATE(2026,2,1),0) ), IF(OR(_xlpm.x=0, _xlpm.x=""), "-", _xlpm.x) ) -> - | AE7: =_xlfn.LET( _xlpm.x, _xlfn.MAXIFS( raw_stack!G$2:G$100000, raw_stack!D$2:D$100000, G7, raw_stack!F$2:F$100000, "Iya", raw_stack!G$2:G$100000, ">="&DATE(2026,3,1), raw_stack!G$2:G$100000, "<="&EOMONTH(DATE(2026,3,1),0) ), IF(_xlpm.x=0, "-", _xlpm.x) ) -> - | AF7: =_xlfn.LET( _xlpm.x, _xlfn.MAXIFS( raw_stack!H$2:H$100000, raw_stack!D$2:D$100000, G7, raw_stack!F$2:F$100000, "Iya", raw_stack!G$2:G$100000, ">="&DATE(2026,3,1), raw_stack!G$2:G$100000, "<="&EOMONTH(DATE(2026,3,1),0) ), IF(OR(_xlpm.x=0, _xlpm.x=""), "-", _xlpm.x) ) -> - | AG7: =_xlfn.LET( _xlpm.x, _xlfn.MAXIFS( raw_stack!G$2:G$100000, raw_stack!D$2:D$100000, G7, raw_stack!F$2:F$100000, "Iya", raw_stack!G$2:G$100000, ">="&DATE(2026,4,1), raw_stack!G$2:G$100000, "<="&EOMONTH(DATE(2026,4,1),0) ), IF(_xlpm.x=0, "-", _xlpm.x) ) -> - | AH7: =_xlfn.LET( _xlpm.x, _xlfn.MAXIFS( raw_stack!H$2:H$100000, raw_stack!D$2:D$100000, G7, raw_stack!F$2:F$100000, "Iya", raw_stack!G$2:G$100000, ">="&DATE(2026,4,1), raw_stack!G$2:G$100000, "<="&EOMONTH(DATE(2026,4,1),0) ), IF(OR(_xlpm.x=0, _xlpm.x=""), "-", _xlpm.x) ) -> -
A8: 7 | B8: =LEFT(D8,5) -> 26773 | C8: Vehicle Rent | D8: 26773 RAHA POS | E8: Gran Max Pick Up (TRAC) | F8: Sewa kendaraan operasional | G8: B8132XW | H8: OPR | I8: PICKUP | J8: 4100000 | K8: 44990 | L8: 46085 | M8: 46085 | N8: ACTIVE | O8: =_xlfn.LET( _xlpm.x, _xlfn.MAXIFS( raw_stack!G$2:G$100000, raw_stack!D$2:D$100000, G8, raw_stack!F$2:F$100000, "Iya", raw_stack!G$2:G$100000, ">="&DATE(2025,7,1), raw_stack!G$2:G$100000, "<="&EOMONTH(DATE(2025,7,1),0) ), IF(_xlpm.x=0, "-", _xlpm.x) ) -> - | P8: =_xlfn.LET( _xlpm.x, _xlfn.MAXIFS( raw_stack!H$2:H$100000, raw_stack!D$2:D$100000, G8, raw_stack!F$2:F$100000, "Iya", raw_stack!G$2:G$100000, ">="&DATE(2025,7,1), raw_stack!G$2:G$100000, "<="&EOMONTH(DATE(2025,7,1),0) ), IF(OR(_xlpm.x=0, _xlpm.x=""), "-", _xlpm.x) ) -> - | Q8: =_xlfn.LET( _xlpm.x, _xlfn.MAXIFS( raw_stack!G$2:G$99411, raw_stack!D$2:D$99411, G8, raw_stack!F$2:F$99411, "Iya", raw_stack!G$2:G$99411, ">="&DATE(2025,8,1), raw_stack!G$2:G$99411, "<="&EOMONTH(DATE(2025,8,1),0) ), IF(_xlpm.x=0, "-", _xlpm.x) ) -> - | R8: =_xlfn.LET( _xlpm.x, _xlfn.MAXIFS( raw_stack!H$2:H$100000, raw_stack!D$2:D$100000, G8, raw_stack!F$2:F$100000, "Iya", raw_stack!G$2:G$100000, ">="&DATE(2025,8,1), raw_stack!G$2:G$100000, "<="&EOMONTH(DATE(2025,8,1),0) ), IF(OR(_xlpm.x=0, _xlpm.x=""), "-", _xlpm.x) ) -> - | S8: =_xlfn.LET( _xlpm.x, _xlfn.MAXIFS( raw_stack!G$2:G$99411, raw_stack!D$2:D$99411, G8, raw_stack!F$2:F$99411, "Iya", raw_stack!G$2:G$99411, ">="&DATE(2025,9,1), raw_stack!G$2:G$99411, "<="&EOMONTH(DATE(2025,9,1),0) ), IF(_xlpm.x=0, "-", _xlpm.x) ) -> 45927 | T8: =_xlfn.LET( _xlpm.x, _xlfn.MAXIFS( raw_stack!H$2:H$100000, raw_stack!D$2:D$100000, G8, raw_stack!F$2:F$100000, "Iya", raw_stack!G$2:G$100000, ">="&DATE(2025,9,1), raw_stack!G$2:G$100000, "<="&EOMONTH(DATE(2025,9,1),0) ), IF(OR(_xlpm.x=0, _xlpm.x=""), "-", _xlpm.x) ) -> 41041 | U8: =_xlfn.LET( _xlpm.x, _xlfn.MAXIFS( raw_stack!G$2:G$99411, raw_stack!D$2:D$99411, G8, raw_stack!F$2:F$99411, "Iya", raw_stack!G$2:G$99411, ">="&DATE(2025,10,1), raw_stack!G$2:G$99411, "<="&EOMONTH(DATE(2025,10,1),0) ), IF(_xlpm.x=0, "-", _xlpm.x) ) -> - | V8: =_xlfn.LET( _xlpm.x, _xlfn.MAXIFS( raw_stack!H$2:H$100000, raw_stack!D$2:D$100000, G8, raw_stack!F$2:F$100000, "Iya", raw_stack!G$2:G$100000, ">="&DATE(2025,10,1), raw_stack!G$2:G$100000, "<="&EOMONTH(DATE(2025,10,1),0) ), IF(OR(_xlpm.x=0, _xlpm.x=""), "-", _xlpm.x) ) -> - | W8: =_xlfn.LET( _xlpm.x, _xlfn.MAXIFS( raw_stack!G$2:G$99411, raw_stack!D$2:D$99411, G8, raw_stack!F$2:F$99411, "Iya", raw_stack!G$2:G$99411, ">="&DATE(2025,11,1), raw_stack!G$2:G$99411, "<="&EOMONTH(DATE(2025,11,1),0) ), IF(_xlpm.x=0, "-", _xlpm.x) ) -> - | X8: =_xlfn.LET( _xlpm.x, _xlfn.MAXIFS( raw_stack!H$2:H$100000, raw_stack!D$2:D$100000, G8, raw_stack!F$2:F$100000, "Iya", raw_stack!G$2:G$100000, ">="&DATE(2025,11,1), raw_stack!G$2:G$100000, "<="&EOMONTH(DATE(2025,11,1),0) ), IF(OR(_xlpm.x=0, _xlpm.x=""), "-", _xlpm.x) ) -> - | Y8: =_xlfn.LET( _xlpm.x, _xlfn.MAXIFS( raw_stack!G$2:G$99411, raw_stack!D$2:D$99411, G8, raw_stack!F$2:F$99411, "Iya", raw_stack!G$2:G$99411, ">="&DATE(2025,12,1), raw_stack!G$2:G$99411, "<="&EOMONTH(DATE(2025,12,1),0) ), IF(_xlpm.x=0, "-", _xlpm.x) ) -> - | Z8: =_xlfn.LET( _xlpm.x, _xlfn.MAXIFS( raw_stack!H$2:H$100000, raw_stack!D$2:D$100000, G8, raw_stack!F$2:F$100000, "Iya", raw_stack!G$2:G$100000, ">="&DATE(2025,12,1), raw_stack!G$2:G$100000, "<="&EOMONTH(DATE(2025,12,1),0) ), IF(OR(_xlpm.x=0, _xlpm.x=""), "-", _xlpm.x) ) -> - | AA8: =_xlfn.LET( _xlpm.x, _xlfn.MAXIFS( raw_stack!G$2:G$99411, raw_stack!D$2:D$99411, G8, raw_stack!F$2:F$99411, "Iya", raw_stack!G$2:G$99411, ">="&DATE(2026,1,1), raw_stack!G$2:G$99411, "<="&EOMONTH(DATE(2026,1,1),0) ), IF(_xlpm.x=0, "-", _xlpm.x) ) -> - | AB8: =_xlfn.LET( _xlpm.x, _xlfn.MAXIFS( raw_stack!H$2:H$100000, raw_stack!D$2:D$100000, G8, raw_stack!F$2:F$100000, "Iya", raw_stack!G$2:G$100000, ">="&DATE(2026,1,1), raw_stack!G$2:G$100000, "<="&EOMONTH(DATE(2026,1,1),0) ), IF(OR(_xlpm.x=0, _xlpm.x=""), "-", _xlpm.x) ) -> - | AC8: =_xlfn.LET( _xlpm.x, _xlfn.MAXIFS( raw_stack!G$2:G$99411, raw_stack!D$2:D$99411, G8, raw_stack!F$2:F$99411, "Iya", raw_stack!G$2:G$99411, ">="&DATE(2026,2,1), raw_stack!G$2:G$99411, "<="&EOMONTH(DATE(2026,2,1),0) ), IF(_xlpm.x=0, "-", _xlpm.x) ) -> - | AD8: =_xlfn.LET( _xlpm.x, _xlfn.MAXIFS( raw_stack!H$2:H$100000, raw_stack!D$2:D$100000, G8, raw_stack!F$2:F$100000, "Iya", raw_stack!G$2:G$100000, ">="&DATE(2026,2,1), raw_stack!G$2:G$100000, "<="&EOMONTH(DATE(2026,2,1),0) ), IF(OR(_xlpm.x=0, _xlpm.x=""), "-", _xlpm.x) ) -> - | AE8: =_xlfn.LET( _xlpm.x, _xlfn.MAXIFS( raw_stack!G$2:G$100000, raw_stack!D$2:D$100000, G8, raw_stack!F$2:F$100000, "Iya", raw_stack!G$2:G$100000, ">="&DATE(2026,3,1), raw_stack!G$2:G$100000, "<="&EOMONTH(DATE(2026,3,1),0) ), IF(_xlpm.x=0, "-", _xlpm.x) ) -> - | AF8: =_xlfn.LET( _xlpm.x, _xlfn.MAXIFS( raw_stack!H$2:H$100000, raw_stack!D$2:D$100000, G8, raw_stack!F$2:F$100000, "Iya", raw_stack!G$2:G$100000, ">="&DATE(2026,3,1), raw_stack!G$2:G$100000, "<="&EOMONTH(DATE(2026,3,1),0) ), IF(OR(_xlpm.x=0, _xlpm.x=""), "-", _xlpm.x) ) -> - | AG8: =_xlfn.LET( _xlpm.x, _xlfn.MAXIFS( raw_stack!G$2:G$100000, raw_stack!D$2:D$100000, G8, raw_stack!F$2:F$100000, "Iya", raw_stack!G$2:G$100000, ">="&DATE(2026,4,1), raw_stack!G$2:G$100000, "<="&EOMONTH(DATE(2026,4,1),0) ), IF(_xlpm.x=0, "-", _xlpm.x) ) -> 46132 | AH8: =_xlfn.LET( _xlpm.x, _xlfn.MAXIFS( raw_stack!H$2:H$100000, raw_stack!D$2:D$100000, G8, raw_stack!F$2:F$100000, "Iya", raw_stack!G$2:G$100000, ">="&DATE(2026,4,1), raw_stack!G$2:G$100000, "<="&EOMONTH(DATE(2026,4,1),0) ), IF(OR(_xlpm.x=0, _xlpm.x=""), "-", _xlpm.x) ) -> 36641
A9: 8 | B9: =LEFT(D9,5) -> 55926 | C9: Vehicle Rent | D9: 55926 KOTAMOBAGU | E9: Daihatsu Grand Max (Badan) | F9: Sewa kendaraan operasional | G9: B5572LYP | H9: OPR | I9: PICKUP | J9: 3850000 | K9: 44991 | L9: 46086 | M9: 46086 | N9: ACTIVE | O9: =_xlfn.LET( _xlpm.x, _xlfn.MAXIFS( raw_stack!G$2:G$100000, raw_stack!D$2:D$100000, G9, raw_stack!F$2:F$100000, "Iya", raw_stack!G$2:G$100000, ">="&DATE(2025,7,1), raw_stack!G$2:G$100000, "<="&EOMONTH(DATE(2025,7,1),0) ), IF(_xlpm.x=0, "-", _xlpm.x) ) -> - | P9: =_xlfn.LET( _xlpm.x, _xlfn.MAXIFS( raw_stack!H$2:H$100000, raw_stack!D$2:D$100000, G9, raw_stack!F$2:F$100000, "Iya", raw_stack!G$2:G$100000, ">="&DATE(2025,7,1), raw_stack!G$2:G$100000, "<="&EOMONTH(DATE(2025,7,1),0) ), IF(OR(_xlpm.x=0, _xlpm.x=""), "-", _xlpm.x) ) -> - | Q9: =_xlfn.LET( _xlpm.x, _xlfn.MAXIFS( raw_stack!G$2:G$99411, raw_stack!D$2:D$99411, G9, raw_stack!F$2:F$99411, "Iya", raw_stack!G$2:G$99411, ">="&DATE(2025,8,1), raw_stack!G$2:G$99411, "<="&EOMONTH(DATE(2025,8,1),0) ), IF(_xlpm.x=0, "-", _xlpm.x) ) -> - | R9: =_xlfn.LET( _xlpm.x, _xlfn.MAXIFS( raw_stack!H$2:H$100000, raw_stack!D$2:D$100000, G9, raw_stack!F$2:F$100000, "Iya", raw_stack!G$2:G$100000, ">="&DATE(2025,8,1), raw_stack!G$2:G$100000, "<="&EOMONTH(DATE(2025,8,1),0) ), IF(OR(_xlpm.x=0, _xlpm.x=""), "-", _xlpm.x) ) -> - | S9: =_xlfn.LET( _xlpm.x, _xlfn.MAXIFS( raw_stack!G$2:G$99411, raw_stack!D$2:D$99411, G9, raw_stack!F$2:F$99411, "Iya", raw_stack!G$2:G$99411, ">="&DATE(2025,9,1), raw_stack!G$2:G$99411, "<="&EOMONTH(DATE(2025,9,1),0) ), IF(_xlpm.x=0, "-", _xlpm.x) ) -> - | T9: =_xlfn.LET( _xlpm.x, _xlfn.MAXIFS( raw_stack!H$2:H$100000, raw_stack!D$2:D$100000, G9, raw_stack!F$2:F$100000, "Iya", raw_stack!G$2:G$100000, ">="&DATE(2025,9,1), raw_stack!G$2:G$100000, "<="&EOMONTH(DATE(2025,9,1),0) ), IF(OR(_xlpm.x=0, _xlpm.x=""), "-", _xlpm.x) ) -> - | U9: =_xlfn.LET( _xlpm.x, _xlfn.MAXIFS( raw_stack!G$2:G$99411, raw_stack!D$2:D$99411, G9, raw_stack!F$2:F$99411, "Iya", raw_stack!G$2:G$99411, ">="&DATE(2025,10,1), raw_stack!G$2:G$99411, "<="&EOMONTH(DATE(2025,10,1),0) ), IF(_xlpm.x=0, "-", _xlpm.x) ) -> 45941 | V9: =_xlfn.LET( _xlpm.x, _xlfn.MAXIFS( raw_stack!H$2:H$100000, raw_stack!D$2:D$100000, G9, raw_stack!F$2:F$100000, "Iya", raw_stack!G$2:G$100000, ">="&DATE(2025,10,1), raw_stack!G$2:G$100000, "<="&EOMONTH(DATE(2025,10,1),0) ), IF(OR(_xlpm.x=0, _xlpm.x=""), "-", _xlpm.x) ) -> 22555 | W9: =_xlfn.LET( _xlpm.x, _xlfn.MAXIFS( raw_stack!G$2:G$99411, raw_stack!D$2:D$99411, G9, raw_stack!F$2:F$99411, "Iya", raw_stack!G$2:G$99411, ">="&DATE(2025,11,1), raw_stack!G$2:G$99411, "<="&EOMONTH(DATE(2025,11,1),0) ), IF(_xlpm.x=0, "-", _xlpm.x) ) -> - | X9: =_xlfn.LET( _xlpm.x, _xlfn.MAXIFS( raw_stack!H$2:H$100000, raw_stack!D$2:D$100000, G9, raw_stack!F$2:F$100000, "Iya", raw_stack!G$2:G$100000, ">="&DATE(2025,11,1), raw_stack!G$2:G$100000, "<="&EOMONTH(DATE(2025,11,1),0) ), IF(OR(_xlpm.x=0, _xlpm.x=""), "-", _xlpm.x) ) -> - | Y9: =_xlfn.LET( _xlpm.x, _xlfn.MAXIFS( raw_stack!G$2:G$99411, raw_stack!D$2:D$99411, G9, raw_stack!F$2:F$99411, "Iya", raw_stack!G$2:G$99411, ">="&DATE(2025,12,1), raw_stack!G$2:G$99411, "<="&EOMONTH(DATE(2025,12,1),0) ), IF(_xlpm.x=0, "-", _xlpm.x) ) -> - | Z9: =_xlfn.LET( _xlpm.x, _xlfn.MAXIFS( raw_stack!H$2:H$100000, raw_stack!D$2:D$100000, G9, raw_stack!F$2:F$100000, "Iya", raw_stack!G$2:G$100000, ">="&DATE(2025,12,1), raw_stack!G$2:G$100000, "<="&EOMONTH(DATE(2025,12,1),0) ), IF(OR(_xlpm.x=0, _xlpm.x=""), "-", _xlpm.x) ) -> - | AA9: =_xlfn.LET( _xlpm.x, _xlfn.MAXIFS( raw_stack!G$2:G$99411, raw_stack!D$2:D$99411, G9, raw_stack!F$2:F$99411, "Iya", raw_stack!G$2:G$99411, ">="&DATE(2026,1,1), raw_stack!G$2:G$99411, "<="&EOMONTH(DATE(2026,1,1),0) ), IF(_xlpm.x=0, "-", _xlpm.x) ) -> - | AB9: =_xlfn.LET( _xlpm.x, _xlfn.MAXIFS( raw_stack!H$2:H$100000, raw_stack!D$2:D$100000, G9, raw_stack!F$2:F$100000, "Iya", raw_stack!G$2:G$100000, ">="&DATE(2026,1,1), raw_stack!G$2:G$100000, "<="&EOMONTH(DATE(2026,1,1),0) ), IF(OR(_xlpm.x=0, _xlpm.x=""), "-", _xlpm.x) ) -> - | AC9: =_xlfn.LET( _xlpm.x, _xlfn.MAXIFS( raw_stack!G$2:G$99411, raw_stack!D$2:D$99411, G9, raw_stack!F$2:F$99411, "Iya", raw_stack!G$2:G$99411, ">="&DATE(2026,2,1), raw_stack!G$2:G$99411, "<="&EOMONTH(DATE(2026,2,1),0) ), IF(_xlpm.x=0, "-", _xlpm.x) ) -> - | AD9: =_xlfn.LET( _xlpm.x, _xlfn.MAXIFS( raw_stack!H$2:H$100000, raw_stack!D$2:D$100000, G9, raw_stack!F$2:F$100000, "Iya", raw_stack!G$2:G$100000, ">="&DATE(2026,2,1), raw_stack!G$2:G$100000, "<="&EOMONTH(DATE(2026,2,1),0) ), IF(OR(_xlpm.x=0, _xlpm.x=""), "-", _xlpm.x) ) -> - | AE9: =_xlfn.LET( _xlpm.x, _xlfn.MAXIFS( raw_stack!G$2:G$100000, raw_stack!D$2:D$100000, G9, raw_stack!F$2:F$100000, "Iya", raw_stack!G$2:G$100000, ">="&DATE(2026,3,1), raw_stack!G$2:G$100000, "<="&EOMONTH(DATE(2026,3,1),0) ), IF(_xlpm.x=0, "-", _xlpm.x) ) -> - | AF9: =_xlfn.LET( _xlpm.x, _xlfn.MAXIFS( raw_stack!H$2:H$100000, raw_stack!D$2:D$100000, G9, raw_stack!F$2:F$100000, "Iya", raw_stack!G$2:G$100000, ">="&DATE(2026,3,1), raw_stack!G$2:G$100000, "<="&EOMONTH(DATE(2026,3,1),0) ), IF(OR(_xlpm.x=0, _xlpm.x=""), "-", _xlpm.x) ) -> - | AG9: =_xlfn.LET( _xlpm.x, _xlfn.MAXIFS( raw_stack!G$2:G$100000, raw_stack!D$2:D$100000, G9, raw_stack!F$2:F$100000, "Iya", raw_stack!G$2:G$100000, ">="&DATE(2026,4,1), raw_stack!G$2:G$100000, "<="&EOMONTH(DATE(2026,4,1),0) ), IF(_xlpm.x=0, "-", _xlpm.x) ) -> - | AH9: =_xlfn.LET( _xlpm.x, _xlfn.MAXIFS( raw_stack!H$2:H$100000, raw_stack!D$2:D$100000, G9, raw_stack!F$2:F$100000, "Iya", raw_stack!G$2:G$100000, ">="&DATE(2026,4,1), raw_stack!G$2:G$100000, "<="&EOMONTH(DATE(2026,4,1),0) ), IF(OR(_xlpm.x=0, _xlpm.x=""), "-", _xlpm.x) ) -> -
A10: 9 | B10: =LEFT(D10,5) -> 91919 | C10: Vehicle Rent | D10: 91919 BATULICIN 2 | E10: Daihatsu Grand Max (Badan) | F10: Sewa kendaraan operasional | G10: B2325IRM | H10: OPR | I10: PICKUP | J10: 3850000 | K10: 44995 | L10: 46090 | M10: 46090 | N10: ACTIVE | O10: =_xlfn.LET( _xlpm.x, _xlfn.MAXIFS( raw_stack!G$2:G$100000, raw_stack!D$2:D$100000, G10, raw_stack!F$2:F$100000, "Iya", raw_stack!G$2:G$100000, ">="&DATE(2025,7,1), raw_stack!G$2:G$100000, "<="&EOMONTH(DATE(2025,7,1),0) ), IF(_xlpm.x=0, "-", _xlpm.x) ) -> 45859 | P10: =_xlfn.LET( _xlpm.x, _xlfn.MAXIFS( raw_stack!H$2:H$100000, raw_stack!D$2:D$100000, G10, raw_stack!F$2:F$100000, "Iya", raw_stack!G$2:G$100000, ">="&DATE(2025,7,1), raw_stack!G$2:G$100000, "<="&EOMONTH(DATE(2025,7,1),0) ), IF(OR(_xlpm.x=0, _xlpm.x=""), "-", _xlpm.x) ) -> 27089 | Q10: =_xlfn.LET( _xlpm.x, _xlfn.MAXIFS( raw_stack!G$2:G$99411, raw_stack!D$2:D$99411, G10, raw_stack!F$2:F$99411, "Iya", raw_stack!G$2:G$99411, ">="&DATE(2025,8,1), raw_stack!G$2:G$99411, "<="&EOMONTH(DATE(2025,8,1),0) ), IF(_xlpm.x=0, "-", _xlpm.x) ) -> - | R10: =_xlfn.LET( _xlpm.x, _xlfn.MAXIFS( raw_stack!H$2:H$100000, raw_stack!D$2:D$100000, G10, raw_stack!F$2:F$100000, "Iya", raw_stack!G$2:G$100000, ">="&DATE(2025,8,1), raw_stack!G$2:G$100000, "<="&EOMONTH(DATE(2025,8,1),0) ), IF(OR(_xlpm.x=0, _xlpm.x=""), "-", _xlpm.x) ) -> - | S10: =_xlfn.LET( _xlpm.x, _xlfn.MAXIFS( raw_stack!G$2:G$99411, raw_stack!D$2:D$99411, G10, raw_stack!F$2:F$99411, "Iya", raw_stack!G$2:G$99411, ">="&DATE(2025,9,1), raw_stack!G$2:G$99411, "<="&EOMONTH(DATE(2025,9,1),0) ), IF(_xlpm.x=0, "-", _xlpm.x) ) -> - | T10: =_xlfn.LET( _xlpm.x, _xlfn.MAXIFS( raw_stack!H$2:H$100000, raw_stack!D$2:D$100000, G10, raw_stack!F$2:F$100000, "Iya", raw_stack!G$2:G$100000, ">="&DATE(2025,9,1), raw_stack!G$2:G$100000, "<="&EOMONTH(DATE(2025,9,1),0) ), IF(OR(_xlpm.x=0, _xlpm.x=""), "-", _xlpm.x) ) -> - | U10: =_xlfn.LET( _xlpm.x, _xlfn.MAXIFS( raw_stack!G$2:G$99411, raw_stack!D$2:D$99411, G10, raw_stack!F$2:F$99411, "Iya", raw_stack!G$2:G$99411, ">="&DATE(2025,10,1), raw_stack!G$2:G$99411, "<="&EOMONTH(DATE(2025,10,1),0) ), IF(_xlpm.x=0, "-", _xlpm.x) ) -> - | V10: =_xlfn.LET( _xlpm.x, _xlfn.MAXIFS( raw_stack!H$2:H$100000, raw_stack!D$2:D$100000, G10, raw_stack!F$2:F$100000, "Iya", raw_stack!G$2:G$100000, ">="&DATE(2025,10,1), raw_stack!G$2:G$100000, "<="&EOMONTH(DATE(2025,10,1),0) ), IF(OR(_xlpm.x=0, _xlpm.x=""), "-", _xlpm.x) ) -> - | W10: =_xlfn.LET( _xlpm.x, _xlfn.MAXIFS( raw_stack!G$2:G$99411, raw_stack!D$2:D$99411, G10, raw_stack!F$2:F$99411, "Iya", raw_stack!G$2:G$99411, ">="&DATE(2025,11,1), raw_stack!G$2:G$99411, "<="&EOMONTH(DATE(2025,11,1),0) ), IF(_xlpm.x=0, "-", _xlpm.x) ) -> - | X10: =_xlfn.LET( _xlpm.x, _xlfn.MAXIFS( raw_stack!H$2:H$100000, raw_stack!D$2:D$100000, G10, raw_stack!F$2:F$100000, "Iya", raw_stack!G$2:G$100000, ">="&DATE(2025,11,1), raw_stack!G$2:G$100000, "<="&EOMONTH(DATE(2025,11,1),0) ), IF(OR(_xlpm.x=0, _xlpm.x=""), "-", _xlpm.x) ) -> - | Y10: =_xlfn.LET( _xlpm.x, _xlfn.MAXIFS( raw_stack!G$2:G$99411, raw_stack!D$2:D$99411, G10, raw_stack!F$2:F$99411, "Iya", raw_stack!G$2:G$99411, ">="&DATE(2025,12,1), raw_stack!G$2:G$99411, "<="&EOMONTH(DATE(2025,12,1),0) ), IF(_xlpm.x=0, "-", _xlpm.x) ) -> - | Z10: =_xlfn.LET( _xlpm.x, _xlfn.MAXIFS( raw_stack!H$2:H$100000, raw_stack!D$2:D$100000, G10, raw_stack!F$2:F$100000, "Iya", raw_stack!G$2:G$100000, ">="&DATE(2025,12,1), raw_stack!G$2:G$100000, "<="&EOMONTH(DATE(2025,12,1),0) ), IF(OR(_xlpm.x=0, _xlpm.x=""), "-", _xlpm.x) ) -> - | AA10: =_xlfn.LET( _xlpm.x, _xlfn.MAXIFS( raw_stack!G$2:G$99411, raw_stack!D$2:D$99411, G10, raw_stack!F$2:F$99411, "Iya", raw_stack!G$2:G$99411, ">="&DATE(2026,1,1), raw_stack!G$2:G$99411, "<="&EOMONTH(DATE(2026,1,1),0) ), IF(_xlpm.x=0, "-", _xlpm.x) ) -> 46041 | AB10: =_xlfn.LET( _xlpm.x, _xlfn.MAXIFS( raw_stack!H$2:H$100000, raw_stack!D$2:D$100000, G10, raw_stack!F$2:F$100000, "Iya", raw_stack!G$2:G$100000, ">="&DATE(2026,1,1), raw_stack!G$2:G$100000, "<="&EOMONTH(DATE(2026,1,1),0) ), IF(OR(_xlpm.x=0, _xlpm.x=""), "-", _xlpm.x) ) -> 28881 | AC10: =_xlfn.LET( _xlpm.x, _xlfn.MAXIFS( raw_stack!G$2:G$99411, raw_stack!D$2:D$99411, G10, raw_stack!F$2:F$99411, "Iya", raw_stack!G$2:G$99411, ">="&DATE(2026,2,1), raw_stack!G$2:G$99411, "<="&EOMONTH(DATE(2026,2,1),0) ), IF(_xlpm.x=0, "-", _xlpm.x) ) -> - | AD10: =_xlfn.LET( _xlpm.x, _xlfn.MAXIFS( raw_stack!H$2:H$100000, raw_stack!D$2:D$100000, G10, raw_stack!F$2:F$100000, "Iya", raw_stack!G$2:G$100000, ">="&DATE(2026,2,1), raw_stack!G$2:G$100000, "<="&EOMONTH(DATE(2026,2,1),0) ), IF(OR(_xlpm.x=0, _xlpm.x=""), "-", _xlpm.x) ) -> - | AE10: =_xlfn.LET( _xlpm.x, _xlfn.MAXIFS( raw_stack!G$2:G$100000, raw_stack!D$2:D$100000, G10, raw_stack!F$2:F$100000, "Iya", raw_stack!G$2:G$100000, ">="&DATE(2026,3,1), raw_stack!G$2:G$100000, "<="&EOMONTH(DATE(2026,3,1),0) ), IF(_xlpm.x=0, "-", _xlpm.x) ) -> - | AF10: =_xlfn.LET( _xlpm.x, _xlfn.MAXIFS( raw_stack!H$2:H$100000, raw_stack!D$2:D$100000, G10, raw_stack!F$2:F$100000, "Iya", raw_stack!G$2:G$100000, ">="&DATE(2026,3,1), raw_stack!G$2:G$100000, "<="&EOMONTH(DATE(2026,3,1),0) ), IF(OR(_xlpm.x=0, _xlpm.x=""), "-", _xlpm.x) ) -> - | AG10: =_xlfn.LET( _xlpm.x, _xlfn.MAXIFS( raw_stack!G$2:G$100000, raw_stack!D$2:D$100000, G10, raw_stack!F$2:F$100000, "Iya", raw_stack!G$2:G$100000, ">="&DATE(2026,4,1), raw_stack!G$2:G$100000, "<="&EOMONTH(DATE(2026,4,1),0) ), IF(_xlpm.x=0, "-", _xlpm.x) ) -> - | AH10: =_xlfn.LET( _xlpm.x, _xlfn.MAXIFS( raw_stack!H$2:H$100000, raw_stack!D$2:D$100000, G10, raw_stack!F$2:F$100000, "Iya", raw_stack!G$2:G$100000, ">="&DATE(2026,4,1), raw_stack!G$2:G$100000, "<="&EOMONTH(DATE(2026,4,1),0) ), IF(OR(_xlpm.x=0, _xlpm.x=""), "-", _xlpm.x) ) -> -
A11: 10 | B11: =LEFT(D11,5) -> 70597 | C11: Vehicle Rent | D11: 70597 AMUNTAI | E11: Gran Max Pick Up (TRAC) | F11: Sewa kendaraan operasional | G11: B7960GK | H11: OPR | I11: PICKUP | J11: 4100000 | K11: 45005 | L11: 46100 | M11: 46100 | N11: ACTIVE | O11: =_xlfn.LET( _xlpm.x, _xlfn.MAXIFS( raw_stack!G$2:G$100000, raw_stack!D$2:D$100000, G11, raw_stack!F$2:F$100000, "Iya", raw_stack!G$2:G$100000, ">="&DATE(2025,7,1), raw_stack!G$2:G$100000, "<="&EOMONTH(DATE(2025,7,1),0) ), IF(_xlpm.x=0, "-", _xlpm.x) ) -> - | P11: =_xlfn.LET( _xlpm.x, _xlfn.MAXIFS( raw_stack!H$2:H$100000, raw_stack!D$2:D$100000, G11, raw_stack!F$2:F$100000, "Iya", raw_stack!G$2:G$100000, ">="&DATE(2025,7,1), raw_stack!G$2:G$100000, "<="&EOMONTH(DATE(2025,7,1),0) ), IF(OR(_xlpm.x=0, _xlpm.x=""), "-", _xlpm.x) ) -> - | Q11: =_xlfn.LET( _xlpm.x, _xlfn.MAXIFS( raw_stack!G$2:G$99411, raw_stack!D$2:D$99411, G11, raw_stack!F$2:F$99411, "Iya", raw_stack!G$2:G$99411, ">="&DATE(2025,8,1), raw_stack!G$2:G$99411, "<="&EOMONTH(DATE(2025,8,1),0) ), IF(_xlpm.x=0, "-", _xlpm.x) ) -> - | R11: =_xlfn.LET( _xlpm.x, _xlfn.MAXIFS( raw_stack!H$2:H$100000, raw_stack!D$2:D$100000, G11, raw_stack!F$2:F$100000, "Iya", raw_stack!G$2:G$100000, ">="&DATE(2025,8,1), raw_stack!G$2:G$100000, "<="&EOMONTH(DATE(2025,8,1),0) ), IF(OR(_xlpm.x=0, _xlpm.x=""), "-", _xlpm.x) ) -> - | S11: =_xlfn.LET( _xlpm.x, _xlfn.MAXIFS( raw_stack!G$2:G$99411, raw_stack!D$2:D$99411, G11, raw_stack!F$2:F$99411, "Iya", raw_stack!G$2:G$99411, ">="&DATE(2025,9,1), raw_stack!G$2:G$99411, "<="&EOMONTH(DATE(2025,9,1),0) ), IF(_xlpm.x=0, "-", _xlpm.x) ) -> - | T11: =_xlfn.LET( _xlpm.x, _xlfn.MAXIFS( raw_stack!H$2:H$100000, raw_stack!D$2:D$100000, G11, raw_stack!F$2:F$100000, "Iya", raw_stack!G$2:G$100000, ">="&DATE(2025,9,1), raw_stack!G$2:G$100000, "<="&EOMONTH(DATE(2025,9,1),0) ), IF(OR(_xlpm.x=0, _xlpm.x=""), "-", _xlpm.x) ) -> - | U11: =_xlfn.LET( _xlpm.x, _xlfn.MAXIFS( raw_stack!G$2:G$99411, raw_stack!D$2:D$99411, G11, raw_stack!F$2:F$99411, "Iya", raw_stack!G$2:G$99411, ">="&DATE(2025,10,1), raw_stack!G$2:G$99411, "<="&EOMONTH(DATE(2025,10,1),0) ), IF(_xlpm.x=0, "-", _xlpm.x) ) -> - | V11: =_xlfn.LET( _xlpm.x, _xlfn.MAXIFS( raw_stack!H$2:H$100000, raw_stack!D$2:D$100000, G11, raw_stack!F$2:F$100000, "Iya", raw_stack!G$2:G$100000, ">="&DATE(2025,10,1), raw_stack!G$2:G$100000, "<="&EOMONTH(DATE(2025,10,1),0) ), IF(OR(_xlpm.x=0, _xlpm.x=""), "-", _xlpm.x) ) -> - | W11: =_xlfn.LET( _xlpm.x, _xlfn.MAXIFS( raw_stack!G$2:G$99411, raw_stack!D$2:D$99411, G11, raw_stack!F$2:F$99411, "Iya", raw_stack!G$2:G$99411, ">="&DATE(2025,11,1), raw_stack!G$2:G$99411, "<="&EOMONTH(DATE(2025,11,1),0) ), IF(_xlpm.x=0, "-", _xlpm.x) ) -> - | X11: =_xlfn.LET( _xlpm.x, _xlfn.MAXIFS( raw_stack!H$2:H$100000, raw_stack!D$2:D$100000, G11, raw_stack!F$2:F$100000, "Iya", raw_stack!G$2:G$100000, ">="&DATE(2025,11,1), raw_stack!G$2:G$100000, "<="&EOMONTH(DATE(2025,11,1),0) ), IF(OR(_xlpm.x=0, _xlpm.x=""), "-", _xlpm.x) ) -> - | Y11: =_xlfn.LET( _xlpm.x, _xlfn.MAXIFS( raw_stack!G$2:G$99411, raw_stack!D$2:D$99411, G11, raw_stack!F$2:F$99411, "Iya", raw_stack!G$2:G$99411, ">="&DATE(2025,12,1), raw_stack!G$2:G$99411, "<="&EOMONTH(DATE(2025,12,1),0) ), IF(_xlpm.x=0, "-", _xlpm.x) ) -> - | Z11: =_xlfn.LET( _xlpm.x, _xlfn.MAXIFS( raw_stack!H$2:H$100000, raw_stack!D$2:D$100000, G11, raw_stack!F$2:F$100000, "Iya", raw_stack!G$2:G$100000, ">="&DATE(2025,12,1), raw_stack!G$2:G$100000, "<="&EOMONTH(DATE(2025,12,1),0) ), IF(OR(_xlpm.x=0, _xlpm.x=""), "-", _xlpm.x) ) -> - | AA11: =_xlfn.LET( _xlpm.x, _xlfn.MAXIFS( raw_stack!G$2:G$99411, raw_stack!D$2:D$99411, G11, raw_stack!F$2:F$99411, "Iya", raw_stack!G$2:G$99411, ">="&DATE(2026,1,1), raw_stack!G$2:G$99411, "<="&EOMONTH(DATE(2026,1,1),0) ), IF(_xlpm.x=0, "-", _xlpm.x) ) -> - | AB11: =_xlfn.LET( _xlpm.x, _xlfn.MAXIFS( raw_stack!H$2:H$100000, raw_stack!D$2:D$100000, G11, raw_stack!F$2:F$100000, "Iya", raw_stack!G$2:G$100000, ">="&DATE(2026,1,1), raw_stack!G$2:G$100000, "<="&EOMONTH(DATE(2026,1,1),0) ), IF(OR(_xlpm.x=0, _xlpm.x=""), "-", _xlpm.x) ) -> - | AC11: =_xlfn.LET( _xlpm.x, _xlfn.MAXIFS( raw_stack!G$2:G$99411, raw_stack!D$2:D$99411, G11, raw_stack!F$2:F$99411, "Iya", raw_stack!G$2:G$99411, ">="&DATE(2026,2,1), raw_stack!G$2:G$99411, "<="&EOMONTH(DATE(2026,2,1),0) ), IF(_xlpm.x=0, "-", _xlpm.x) ) -> - | AD11: =_xlfn.LET( _xlpm.x, _xlfn.MAXIFS( raw_stack!H$2:H$100000, raw_stack!D$2:D$100000, G11, raw_stack!F$2:F$100000, "Iya", raw_stack!G$2:G$100000, ">="&DATE(2026,2,1), raw_stack!G$2:G$100000, "<="&EOMONTH(DATE(2026,2,1),0) ), IF(OR(_xlpm.x=0, _xlpm.x=""), "-", _xlpm.x) ) -> - | AE11: =_xlfn.LET( _xlpm.x, _xlfn.MAXIFS( raw_stack!G$2:G$100000, raw_stack!D$2:D$100000, G11, raw_stack!F$2:F$100000, "Iya", raw_stack!G$2:G$100000, ">="&DATE(2026,3,1), raw_stack!G$2:G$100000, "<="&EOMONTH(DATE(2026,3,1),0) ), IF(_xlpm.x=0, "-", _xlpm.x) ) -> - | AF11: =_xlfn.LET( _xlpm.x, _xlfn.MAXIFS( raw_stack!H$2:H$100000, raw_stack!D$2:D$100000, G11, raw_stack!F$2:F$100000, "Iya", raw_stack!G$2:G$100000, ">="&DATE(2026,3,1), raw_stack!G$2:G$100000, "<="&EOMONTH(DATE(2026,3,1),0) ), IF(OR(_xlpm.x=0, _xlpm.x=""), "-", _xlpm.x) ) -> - | AG11: =_xlfn.LET( _xlpm.x, _xlfn.MAXIFS( raw_stack!G$2:G$100000, raw_stack!D$2:D$100000, G11, raw_stack!F$2:F$100000, "Iya", raw_stack!G$2:G$100000, ">="&DATE(2026,4,1), raw_stack!G$2:G$100000, "<="&EOMONTH(DATE(2026,4,1),0) ), IF(_xlpm.x=0, "-", _xlpm.x) ) -> - | AH11: =_xlfn.LET( _xlpm.x, _xlfn.MAXIFS( raw_stack!H$2:H$100000, raw_stack!D$2:D$100000, G11, raw_stack!F$2:F$100000, "Iya", raw_stack!G$2:G$100000, ">="&DATE(2026,4,1), raw_stack!G$2:G$100000, "<="&EOMONTH(DATE(2026,4,1),0) ), IF(OR(_xlpm.x=0, _xlpm.x=""), "-", _xlpm.x) ) -> -
A12: 11 | B12: =LEFT(D12,5) -> 17645 | C12: Vehicle Rent | D12: 17645 KEBUMEN | E12: Gran Max Pick Up (TRAC) | F12: Sewa kendaraan operasional | G12: B5541LZ | H12: OPR | I12: PICKUP | J12: 4105000 | K12: 45005 | L12: 46100 | M12: 46100 | N12: ACTIVE | O12: =_xlfn.LET( _xlpm.x, _xlfn.MAXIFS( raw_stack!G$2:G$100000, raw_stack!D$2:D$100000, G12, raw_stack!F$2:F$100000, "Iya", raw_stack!G$2:G$100000, ">="&DATE(2025,7,1), raw_stack!G$2:G$100000, "<="&EOMONTH(DATE(2025,7,1),0) ), IF(_xlpm.x=0, "-", _xlpm.x) ) -> - | P12: =_xlfn.LET( _xlpm.x, _xlfn.MAXIFS( raw_stack!H$2:H$100000, raw_stack!D$2:D$100000, G12, raw_stack!F$2:F$100000, "Iya", raw_stack!G$2:G$100000, ">="&DATE(2025,7,1), raw_stack!G$2:G$100000, "<="&EOMONTH(DATE(2025,7,1),0) ), IF(OR(_xlpm.x=0, _xlpm.x=""), "-", _xlpm.x) ) -> - | Q12: =_xlfn.LET( _xlpm.x, _xlfn.MAXIFS( raw_stack!G$2:G$99411, raw_stack!D$2:D$99411, G12, raw_stack!F$2:F$99411, "Iya", raw_stack!G$2:G$99411, ">="&DATE(2025,8,1), raw_stack!G$2:G$99411, "<="&EOMONTH(DATE(2025,8,1),0) ), IF(_xlpm.x=0, "-", _xlpm.x) ) -> - | R12: =_xlfn.LET( _xlpm.x, _xlfn.MAXIFS( raw_stack!H$2:H$100000, raw_stack!D$2:D$100000, G12, raw_stack!F$2:F$100000, "Iya", raw_stack!G$2:G$100000, ">="&DATE(2025,8,1), raw_stack!G$2:G$100000, "<="&EOMONTH(DATE(2025,8,1),0) ), IF(OR(_xlpm.x=0, _xlpm.x=""), "-", _xlpm.x) ) -> - | S12: =_xlfn.LET( _xlpm.x, _xlfn.MAXIFS( raw_stack!G$2:G$99411, raw_stack!D$2:D$99411, G12, raw_stack!F$2:F$99411, "Iya", raw_stack!G$2:G$99411, ">="&DATE(2025,9,1), raw_stack!G$2:G$99411, "<="&EOMONTH(DATE(2025,9,1),0) ), IF(_xlpm.x=0, "-", _xlpm.x) ) -> - | T12: =_xlfn.LET( _xlpm.x, _xlfn.MAXIFS( raw_stack!H$2:H$100000, raw_stack!D$2:D$100000, G12, raw_stack!F$2:F$100000, "Iya", raw_stack!G$2:G$100000, ">="&DATE(2025,9,1), raw_stack!G$2:G$100000, "<="&EOMONTH(DATE(2025,9,1),0) ), IF(OR(_xlpm.x=0, _xlpm.x=""), "-", _xlpm.x) ) -> - | U12: =_xlfn.LET( _xlpm.x, _xlfn.MAXIFS( raw_stack!G$2:G$99411, raw_stack!D$2:D$99411, G12, raw_stack!F$2:F$99411, "Iya", raw_stack!G$2:G$99411, ">="&DATE(2025,10,1), raw_stack!G$2:G$99411, "<="&EOMONTH(DATE(2025,10,1),0) ), IF(_xlpm.x=0, "-", _xlpm.x) ) -> - | V12: =_xlfn.LET( _xlpm.x, _xlfn.MAXIFS( raw_stack!H$2:H$100000, raw_stack!D$2:D$100000, G12, raw_stack!F$2:F$100000, "Iya", raw_stack!G$2:G$100000, ">="&DATE(2025,10,1), raw_stack!G$2:G$100000, "<="&EOMONTH(DATE(2025,10,1),0) ), IF(OR(_xlpm.x=0, _xlpm.x=""), "-", _xlpm.x) ) -> - | W12: =_xlfn.LET( _xlpm.x, _xlfn.MAXIFS( raw_stack!G$2:G$99411, raw_stack!D$2:D$99411, G12, raw_stack!F$2:F$99411, "Iya", raw_stack!G$2:G$99411, ">="&DATE(2025,11,1), raw_stack!G$2:G$99411, "<="&EOMONTH(DATE(2025,11,1),0) ), IF(_xlpm.x=0, "-", _xlpm.x) ) -> 45985 | X12: =_xlfn.LET( _xlpm.x, _xlfn.MAXIFS( raw_stack!H$2:H$100000, raw_stack!D$2:D$100000, G12, raw_stack!F$2:F$100000, "Iya", raw_stack!G$2:G$100000, ">="&DATE(2025,11,1), raw_stack!G$2:G$100000, "<="&EOMONTH(DATE(2025,11,1),0) ), IF(OR(_xlpm.x=0, _xlpm.x=""), "-", _xlpm.x) ) -> 24689 | Y12: =_xlfn.LET( _xlpm.x, _xlfn.MAXIFS( raw_stack!G$2:G$99411, raw_stack!D$2:D$99411, G12, raw_stack!F$2:F$99411, "Iya", raw_stack!G$2:G$99411, ">="&DATE(2025,12,1), raw_stack!G$2:G$99411, "<="&EOMONTH(DATE(2025,12,1),0) ), IF(_xlpm.x=0, "-", _xlpm.x) ) -> - | Z12: =_xlfn.LET( _xlpm.x, _xlfn.MAXIFS( raw_stack!H$2:H$100000, raw_stack!D$2:D$100000, G12, raw_stack!F$2:F$100000, "Iya", raw_stack!G$2:G$100000, ">="&DATE(2025,12,1), raw_stack!G$2:G$100000, "<="&EOMONTH(DATE(2025,12,1),0) ), IF(OR(_xlpm.x=0, _xlpm.x=""), "-", _xlpm.x) ) -> - | AA12: =_xlfn.LET( _xlpm.x, _xlfn.MAXIFS( raw_stack!G$2:G$99411, raw_stack!D$2:D$99411, G12, raw_stack!F$2:F$99411, "Iya", raw_stack!G$2:G$99411, ">="&DATE(2026,1,1), raw_stack!G$2:G$99411, "<="&EOMONTH(DATE(2026,1,1),0) ), IF(_xlpm.x=0, "-", _xlpm.x) ) -> - | AB12: =_xlfn.LET( _xlpm.x, _xlfn.MAXIFS( raw_stack!H$2:H$100000, raw_stack!D$2:D$100000, G12, raw_stack!F$2:F$100000, "Iya", raw_stack!G$2:G$100000, ">="&DATE(2026,1,1), raw_stack!G$2:G$100000, "<="&EOMONTH(DATE(2026,1,1),0) ), IF(OR(_xlpm.x=0, _xlpm.x=""), "-", _xlpm.x) ) -> - | AC12: =_xlfn.LET( _xlpm.x, _xlfn.MAXIFS( raw_stack!G$2:G$99411, raw_stack!D$2:D$99411, G12, raw_stack!F$2:F$99411, "Iya", raw_stack!G$2:G$99411, ">="&DATE(2026,2,1), raw_stack!G$2:G$99411, "<="&EOMONTH(DATE(2026,2,1),0) ), IF(_xlpm.x=0, "-", _xlpm.x) ) -> - | AD12: =_xlfn.LET( _xlpm.x, _xlfn.MAXIFS( raw_stack!H$2:H$100000, raw_stack!D$2:D$100000, G12, raw_stack!F$2:F$100000, "Iya", raw_stack!G$2:G$100000, ">="&DATE(2026,2,1), raw_stack!G$2:G$100000, "<="&EOMONTH(DATE(2026,2,1),0) ), IF(OR(_xlpm.x=0, _xlpm.x=""), "-", _xlpm.x) ) -> - | AE12: =_xlfn.LET( _xlpm.x, _xlfn.MAXIFS( raw_stack!G$2:G$100000, raw_stack!D$2:D$100000, G12, raw_stack!F$2:F$100000, "Iya", raw_stack!G$2:G$100000, ">="&DATE(2026,3,1), raw_stack!G$2:G$100000, "<="&EOMONTH(DATE(2026,3,1),0) ), IF(_xlpm.x=0, "-", _xlpm.x) ) -> - | AF12: =_xlfn.LET( _xlpm.x, _xlfn.MAXIFS( raw_stack!H$2:H$100000, raw_stack!D$2:D$100000, G12, raw_stack!F$2:F$100000, "Iya", raw_stack!G$2:G$100000, ">="&DATE(2026,3,1), raw_stack!G$2:G$100000, "<="&EOMONTH(DATE(2026,3,1),0) ), IF(OR(_xlpm.x=0, _xlpm.x=""), "-", _xlpm.x) ) -> - | AG12: =_xlfn.LET( _xlpm.x, _xlfn.MAXIFS( raw_stack!G$2:G$100000, raw_stack!D$2:D$100000, G12, raw_stack!F$2:F$100000, "Iya", raw_stack!G$2:G$100000, ">="&DATE(2026,4,1), raw_stack!G$2:G$100000, "<="&EOMONTH(DATE(2026,4,1),0) ), IF(_xlpm.x=0, "-", _xlpm.x) ) -> - | AH12: =_xlfn.LET( _xlpm.x, _xlfn.MAXIFS( raw_stack!H$2:H$100000, raw_stack!D$2:D$100000, G12, raw_stack!F$2:F$100000, "Iya", raw_stack!G$2:G$100000, ">="&DATE(2026,4,1), raw_stack!G$2:G$100000, "<="&EOMONTH(DATE(2026,4,1),0) ), IF(OR(_xlpm.x=0, _xlpm.x=""), "-", _xlpm.x) ) -> -
A13: 12 | B13: =LEFT(D13,5) -> 11037 | C13: Vehicle Rent | D13: 11037 JEMBER POS | E13: Daihatsu Xenia (Badan) | F13: Sewa kendaraan operasional | G13: B8182EB | H13: OPR | I13: MINIBUS | J13: 3925000 | K13: 46012 | L13: 46101 | M13: 46073 | N13: ACTIVE | O13: =_xlfn.LET( _xlpm.x, _xlfn.MAXIFS( raw_stack!G$2:G$100000, raw_stack!D$2:D$100000, G13, raw_stack!F$2:F$100000, "Iya", raw_stack!G$2:G$100000, ">="&DATE(2025,7,1), raw_stack!G$2:G$100000, "<="&EOMONTH(DATE(2025,7,1),0) ), IF(_xlpm.x=0, "-", _xlpm.x) ) -> 45849 | P13: =_xlfn.LET( _xlpm.x, _xlfn.MAXIFS( raw_stack!H$2:H$100000, raw_stack!D$2:D$100000, G13, raw_stack!F$2:F$100000, "Iya", raw_stack!G$2:G$100000, ">="&DATE(2025,7,1), raw_stack!G$2:G$100000, "<="&EOMONTH(DATE(2025,7,1),0) ), IF(OR(_xlpm.x=0, _xlpm.x=""), "-", _xlpm.x) ) -> 86594 | Q13: =_xlfn.LET( _xlpm.x, _xlfn.MAXIFS( raw_stack!G$2:G$99411, raw_stack!D$2:D$99411, G13, raw_stack!F$2:F$99411, "Iya", raw_stack!G$2:G$99411, ">="&DATE(2025,8,1), raw_stack!G$2:G$99411, "<="&EOMONTH(DATE(2025,8,1),0) ), IF(_xlpm.x=0, "-", _xlpm.x) ) -> - | R13: =_xlfn.LET( _xlpm.x, _xlfn.MAXIFS( raw_stack!H$2:H$100000, raw_stack!D$2:D$100000, G13, raw_stack!F$2:F$100000, "Iya", raw_stack!G$2:G$100000, ">="&DATE(2025,8,1), raw_stack!G$2:G$100000, "<="&EOMONTH(DATE(2025,8,1),0) ), IF(OR(_xlpm.x=0, _xlpm.x=""), "-", _xlpm.x) ) -> - | S13: =_xlfn.LET( _xlpm.x, _xlfn.MAXIFS( raw_stack!G$2:G$99411, raw_stack!D$2:D$99411, G13, raw_stack!F$2:F$99411, "Iya", raw_stack!G$2:G$99411, ">="&DATE(2025,9,1), raw_stack!G$2:G$99411, "<="&EOMONTH(DATE(2025,9,1),0) ), IF(_xlpm.x=0, "-", _xlpm.x) ) -> - | T13: =_xlfn.LET( _xlpm.x, _xlfn.MAXIFS( raw_stack!H$2:H$100000, raw_stack!D$2:D$100000, G13, raw_stack!F$2:F$100000, "Iya", raw_stack!G$2:G$100000, ">="&DATE(2025,9,1), raw_stack!G$2:G$100000, "<="&EOMONTH(DATE(2025,9,1),0) ), IF(OR(_xlpm.x=0, _xlpm.x=""), "-", _xlpm.x) ) -> - | U13: =_xlfn.LET( _xlpm.x, _xlfn.MAXIFS( raw_stack!G$2:G$99411, raw_stack!D$2:D$99411, G13, raw_stack!F$2:F$99411, "Iya", raw_stack!G$2:G$99411, ">="&DATE(2025,10,1), raw_stack!G$2:G$99411, "<="&EOMONTH(DATE(2025,10,1),0) ), IF(_xlpm.x=0, "-", _xlpm.x) ) -> 45950 | V13: =_xlfn.LET( _xlpm.x, _xlfn.MAXIFS( raw_stack!H$2:H$100000, raw_stack!D$2:D$100000, G13, raw_stack!F$2:F$100000, "Iya", raw_stack!G$2:G$100000, ">="&DATE(2025,10,1), raw_stack!G$2:G$100000, "<="&EOMONTH(DATE(2025,10,1),0) ), IF(OR(_xlpm.x=0, _xlpm.x=""), "-", _xlpm.x) ) -> 86315 | W13: =_xlfn.LET( _xlpm.x, _xlfn.MAXIFS( raw_stack!G$2:G$99411, raw_stack!D$2:D$99411, G13, raw_stack!F$2:F$99411, "Iya", raw_stack!G$2:G$99411, ">="&DATE(2025,11,1), raw_stack!G$2:G$99411, "<="&EOMONTH(DATE(2025,11,1),0) ), IF(_xlpm.x=0, "-", _xlpm.x) ) -> - | X13: =_xlfn.LET( _xlpm.x, _xlfn.MAXIFS( raw_stack!H$2:H$100000, raw_stack!D$2:D$100000, G13, raw_stack!F$2:F$100000, "Iya", raw_stack!G$2:G$100000, ">="&DATE(2025,11,1), raw_stack!G$2:G$100000, "<="&EOMONTH(DATE(2025,11,1),0) ), IF(OR(_xlpm.x=0, _xlpm.x=""), "-", _xlpm.x) ) -> - | Y13: =_xlfn.LET( _xlpm.x, _xlfn.MAXIFS( raw_stack!G$2:G$99411, raw_stack!D$2:D$99411, G13, raw_stack!F$2:F$99411, "Iya", raw_stack!G$2:G$99411, ">="&DATE(2025,12,1), raw_stack!G$2:G$99411, "<="&EOMONTH(DATE(2025,12,1),0) ), IF(_xlpm.x=0, "-", _xlpm.x) ) -> - | Z13: =_xlfn.LET( _xlpm.x, _xlfn.MAXIFS( raw_stack!H$2:H$100000, raw_stack!D$2:D$100000, G13, raw_stack!F$2:F$100000, "Iya", raw_stack!G$2:G$100000, ">="&DATE(2025,12,1), raw_stack!G$2:G$100000, "<="&EOMONTH(DATE(2025,12,1),0) ), IF(OR(_xlpm.x=0, _xlpm.x=""), "-", _xlpm.x) ) -> - | AA13: =_xlfn.LET( _xlpm.x, _xlfn.MAXIFS( raw_stack!G$2:G$99411, raw_stack!D$2:D$99411, G13, raw_stack!F$2:F$99411, "Iya", raw_stack!G$2:G$99411, ">="&DATE(2026,1,1), raw_stack!G$2:G$99411, "<="&EOMONTH(DATE(2026,1,1),0) ), IF(_xlpm.x=0, "-", _xlpm.x) ) -> - | AB13: =_xlfn.LET( _xlpm.x, _xlfn.MAXIFS( raw_stack!H$2:H$100000, raw_stack!D$2:D$100000, G13, raw_stack!F$2:F$100000, "Iya", raw_stack!G$2:G$100000, ">="&DATE(2026,1,1), raw_stack!G$2:G$100000, "<="&EOMONTH(DATE(2026,1,1),0) ), IF(OR(_xlpm.x=0, _xlpm.x=""), "-", _xlpm.x) ) -> - | AC13: =_xlfn.LET( _xlpm.x, _xlfn.MAXIFS( raw_stack!G$2:G$99411, raw_stack!D$2:D$99411, G13, raw_stack!F$2:F$99411, "Iya", raw_stack!G$2:G$99411, ">="&DATE(2026,2,1), raw_stack!G$2:G$99411, "<="&EOMONTH(DATE(2026,2,1),0) ), IF(_xlpm.x=0, "-", _xlpm.x) ) -> - | AD13: =_xlfn.LET( _xlpm.x, _xlfn.MAXIFS( raw_stack!H$2:H$100000, raw_stack!D$2:D$100000, G13, raw_stack!F$2:F$100000, "Iya", raw_stack!G$2:G$100000, ">="&DATE(2026,2,1), raw_stack!G$2:G$100000, "<="&EOMONTH(DATE(2026,2,1),0) ), IF(OR(_xlpm.x=0, _xlpm.x=""), "-", _xlpm.x) ) -> - | AE13: =_xlfn.LET( _xlpm.x, _xlfn.MAXIFS( raw_stack!G$2:G$100000, raw_stack!D$2:D$100000, G13, raw_stack!F$2:F$100000, "Iya", raw_stack!G$2:G$100000, ">="&DATE(2026,3,1), raw_stack!G$2:G$100000, "<="&EOMONTH(DATE(2026,3,1),0) ), IF(_xlpm.x=0, "-", _xlpm.x) ) -> - | AF13: =_xlfn.LET( _xlpm.x, _xlfn.MAXIFS( raw_stack!H$2:H$100000, raw_stack!D$2:D$100000, G13, raw_stack!F$2:F$100000, "Iya", raw_stack!G$2:G$100000, ">="&DATE(2026,3,1), raw_stack!G$2:G$100000, "<="&EOMONTH(DATE(2026,3,1),0) ), IF(OR(_xlpm.x=0, _xlpm.x=""), "-", _xlpm.x) ) -> - | AG13: =_xlfn.LET( _xlpm.x, _xlfn.MAXIFS( raw_stack!G$2:G$100000, raw_stack!D$2:D$100000, G13, raw_stack!F$2:F$100000, "Iya", raw_stack!G$2:G$100000, ">="&DATE(2026,4,1), raw_stack!G$2:G$100000, "<="&EOMONTH(DATE(2026,4,1),0) ), IF(_xlpm.x=0, "-", _xlpm.x) ) -> - | AH13: =_xlfn.LET( _xlpm.x, _xlfn.MAXIFS( raw_stack!H$2:H$100000, raw_stack!D$2:D$100000, G13, raw_stack!F$2:F$100000, "Iya", raw_stack!G$2:G$100000, ">="&DATE(2026,4,1), raw_stack!G$2:G$100000, "<="&EOMONTH(DATE(2026,4,1),0) ), IF(OR(_xlpm.x=0, _xlpm.x=""), "-", _xlpm.x) ) -> -
... A72: 71 | B72: =LEFT(D72,5) -> 11165 | C72: Vehicle Rent | D72: 11165 LEBAK | E72: Gran Max Pick Up (TRAC) | F72: Sewa kendaraan operasional | G72: B8613WYE | H72: OPR | I72: PICKUP | J72: 4100000 | K72: 45134 | L72: 46229 | M72: 46107 | N72: ACTIVE | O72: =_xlfn.LET( _xlpm.x, _xlfn.MAXIFS( raw_stack!G$2:G$100000, raw_stack!D$2:D$100000, G72, raw_stack!F$2:F$100000, "Iya", raw_stack!G$2:G$100000, ">="&DATE(2025,7,1), raw_stack!G$2:G$100000, "<="&EOMONTH(DATE(2025,7,1),0) ), IF(_xlpm.x=0, "-", _xlpm.x) ) -> - | P72: =_xlfn.LET( _xlpm.x, _xlfn.MAXIFS( raw_stack!H$2:H$100000, raw_stack!D$2:D$100000, G72, raw_stack!F$2:F$100000, "Iya", raw_stack!G$2:G$100000, ">="&DATE(2025,7,1), raw_stack!G$2:G$100000, "<="&EOMONTH(DATE(2025,7,1),0) ), IF(OR(_xlpm.x=0, _xlpm.x=""), "-", _xlpm.x) ) -> - | Q72: =_xlfn.LET( _xlpm.x, _xlfn.MAXIFS( raw_stack!G$2:G$99411, raw_stack!D$2:D$99411, G72, raw_stack!F$2:F$99411, "Iya", raw_stack!G$2:G$99411, ">="&DATE(2025,8,1), raw_stack!G$2:G$99411, "<="&EOMONTH(DATE(2025,8,1),0) ), IF(_xlpm.x=0, "-", _xlpm.x) ) -> - | R72: =_xlfn.LET( _xlpm.x, _xlfn.MAXIFS( raw_stack!H$2:H$100000, raw_stack!D$2:D$100000, G72, raw_stack!F$2:F$100000, "Iya", raw_stack!G$2:G$100000, ">="&DATE(2025,8,1), raw_stack!G$2:G$100000, "<="&EOMONTH(DATE(2025,8,1),0) ), IF(OR(_xlpm.x=0, _xlpm.x=""), "-", _xlpm.x) ) -> - | S72: =_xlfn.LET( _xlpm.x, _xlfn.MAXIFS( raw_stack!G$2:G$99411, raw_stack!D$2:D$99411, G72, raw_stack!F$2:F$99411, "Iya", raw_stack!G$2:G$99411, ">="&DATE(2025,9,1), raw_stack!G$2:G$99411, "<="&EOMONTH(DATE(2025,9,1),0) ), IF(_xlpm.x=0, "-", _xlpm.x) ) -> - | T72: =_xlfn.LET( _xlpm.x, _xlfn.MAXIFS( raw_stack!H$2:H$100000, raw_stack!D$2:D$100000, G72, raw_stack!F$2:F$100000, "Iya", raw_stack!G$2:G$100000, ">="&DATE(2025,9,1), raw_stack!G$2:G$100000, "<="&EOMONTH(DATE(2025,9,1),0) ), IF(OR(_xlpm.x=0, _xlpm.x=""), "-", _xlpm.x) ) -> - | U72: =_xlfn.LET( _xlpm.x, _xlfn.MAXIFS( raw_stack!G$2:G$99411, raw_stack!D$2:D$99411, G72, raw_stack!F$2:F$99411, "Iya", raw_stack!G$2:G$99411, ">="&DATE(2025,10,1), raw_stack!G$2:G$99411, "<="&EOMONTH(DATE(2025,10,1),0) ), IF(_xlpm.x=0, "-", _xlpm.x) ) -> 45934 | V72: =_xlfn.LET( _xlpm.x, _xlfn.MAXIFS( raw_stack!H$2:H$100000, raw_stack!D$2:D$100000, G72, raw_stack!F$2:F$100000, "Iya", raw_stack!G$2:G$100000, ">="&DATE(2025,10,1), raw_stack!G$2:G$100000, "<="&EOMONTH(DATE(2025,10,1),0) ), IF(OR(_xlpm.x=0, _xlpm.x=""), "-", _xlpm.x) ) -> 60356 | W72: =_xlfn.LET( _xlpm.x, _xlfn.MAXIFS( raw_stack!G$2:G$99411, raw_stack!D$2:D$99411, G72, raw_stack!F$2:F$99411, "Iya", raw_stack!G$2:G$99411, ">="&DATE(2025,11,1), raw_stack!G$2:G$99411, "<="&EOMONTH(DATE(2025,11,1),0) ), IF(_xlpm.x=0, "-", _xlpm.x) ) -> - | X72: =_xlfn.LET( _xlpm.x, _xlfn.MAXIFS( raw_stack!H$2:H$100000, raw_stack!D$2:D$100000, G72, raw_stack!F$2:F$100000, "Iya", raw_stack!G$2:G$100000, ">="&DATE(2025,11,1), raw_stack!G$2:G$100000, "<="&EOMONTH(DATE(2025,11,1),0) ), IF(OR(_xlpm.x=0, _xlpm.x=""), "-", _xlpm.x) ) -> - | Y72: =_xlfn.LET( _xlpm.x, _xlfn.MAXIFS( raw_stack!G$2:G$99411, raw_stack!D$2:D$99411, G72, raw_stack!F$2:F$99411, "Iya", raw_stack!G$2:G$99411, ">="&DATE(2025,12,1), raw_stack!G$2:G$99411, "<="&EOMONTH(DATE(2025,12,1),0) ), IF(_xlpm.x=0, "-", _xlpm.x) ) -> - | Z72: =_xlfn.LET( _xlpm.x, _xlfn.MAXIFS( raw_stack!H$2:H$100000, raw_stack!D$2:D$100000, G72, raw_stack!F$2:F$100000, "Iya", raw_stack!G$2:G$100000, ">="&DATE(2025,12,1), raw_stack!G$2:G$100000, "<="&EOMONTH(DATE(2025,12,1),0) ), IF(OR(_xlpm.x=0, _xlpm.x=""), "-", _xlpm.x) ) -> - | AA72: =_xlfn.LET( _xlpm.x, _xlfn.MAXIFS( raw_stack!G$2:G$99411, raw_stack!D$2:D$99411, G72, raw_stack!F$2:F$99411, "Iya", raw_stack!G$2:G$99411, ">="&DATE(2026,1,1), raw_stack!G$2:G$99411, "<="&EOMONTH(DATE(2026,1,1),0) ), IF(_xlpm.x=0, "-", _xlpm.x) ) -> - | AB72: =_xlfn.LET( _xlpm.x, _xlfn.MAXIFS( raw_stack!H$2:H$100000, raw_stack!D$2:D$100000, G72, raw_stack!F$2:F$100000, "Iya", raw_stack!G$2:G$100000, ">="&DATE(2026,1,1), raw_stack!G$2:G$100000, "<="&EOMONTH(DATE(2026,1,1),0) ), IF(OR(_xlpm.x=0, _xlpm.x=""), "-", _xlpm.x) ) -> - | AC72: =_xlfn.LET( _xlpm.x, _xlfn.MAXIFS( raw_stack!G$2:G$99411, raw_stack!D$2:D$99411, G72, raw_stack!F$2:F$99411, "Iya", raw_stack!G$2:G$99411, ">="&DATE(2026,2,1), raw_stack!G$2:G$99411, "<="&EOMONTH(DATE(2026,2,1),0) ), IF(_xlpm.x=0, "-", _xlpm.x) ) -> - | AD72: =_xlfn.LET( _xlpm.x, _xlfn.MAXIFS( raw_stack!H$2:H$100000, raw_stack!D$2:D$100000, G72, raw_stack!F$2:F$100000, "Iya", raw_stack!G$2:G$100000, ">="&DATE(2026,2,1), raw_stack!G$2:G$100000, "<="&EOMONTH(DATE(2026,2,1),0) ), IF(OR(_xlpm.x=0, _xlpm.x=""), "-", _xlpm.x) ) -> - | AE72: =_xlfn.LET( _xlpm.x, _xlfn.MAXIFS( raw_stack!G$2:G$100000, raw_stack!D$2:D$100000, G72, raw_stack!F$2:F$100000, "Iya", raw_stack!G$2:G$100000, ">="&DATE(2026,3,1), raw_stack!G$2:G$100000, "<="&EOMONTH(DATE(2026,3,1),0) ), IF(_xlpm.x=0, "-", _xlpm.x) ) -> - | AF72: =_xlfn.LET( _xlpm.x, _xlfn.MAXIFS( raw_stack!H$2:H$100000, raw_stack!D$2:D$100000, G72, raw_stack!F$2:F$100000, "Iya", raw_stack!G$2:G$100000, ">="&DATE(2026,3,1), raw_stack!G$2:G$100000, "<="&EOMONTH(DATE(2026,3,1),0) ), IF(OR(_xlpm.x=0, _xlpm.x=""), "-", _xlpm.x) ) -> - | AG72: =_xlfn.LET( _xlpm.x, _xlfn.MAXIFS( raw_stack!G$2:G$100000, raw_stack!D$2:D$100000, G72, raw_stack!F$2:F$100000, "Iya", raw_stack!G$2:G$100000, ">="&DATE(2026,4,1), raw_stack!G$2:G$100000, "<="&EOMONTH(DATE(2026,4,1),0) ), IF(_xlpm.x=0, "-", _xlpm.x) ) -> - | AH72: =_xlfn.LET( _xlpm.x, _xlfn.MAXIFS( raw_stack!H$2:H$100000, raw_stack!D$2:D$100000, G72, raw_stack!F$2:F$100000, "Iya", raw_stack!G$2:G$100000, ">="&DATE(2026,4,1), raw_stack!G$2:G$100000, "<="&EOMONTH(DATE(2026,4,1),0) ), IF(OR(_xlpm.x=0, _xlpm.x=""), "-", _xlpm.x) ) -> -
A73: 72 | B73: =LEFT(D73,5) -> 60455 | C73: Vehicle Rent | D73: 60455 KARO POS | E73: ISUZU TRAGA 2.5 4X2 MT D PICK UP | F73: Sewa kendaraan operasional | G73: B6598EX | H73: OPR | I73: PICKUP | J73: 5950000 | K73: 46062 | L73: 46242 | N73: ACTIVE | O73: =_xlfn.LET( _xlpm.x, _xlfn.MAXIFS( raw_stack!G$2:G$100000, raw_stack!D$2:D$100000, G73, raw_stack!F$2:F$100000, "Iya", raw_stack!G$2:G$100000, ">="&DATE(2025,7,1), raw_stack!G$2:G$100000, "<="&EOMONTH(DATE(2025,7,1),0) ), IF(_xlpm.x=0, "-", _xlpm.x) ) -> 45847 | P73: =_xlfn.LET( _xlpm.x, _xlfn.MAXIFS( raw_stack!H$2:H$100000, raw_stack!D$2:D$100000, G73, raw_stack!F$2:F$100000, "Iya", raw_stack!G$2:G$100000, ">="&DATE(2025,7,1), raw_stack!G$2:G$100000, "<="&EOMONTH(DATE(2025,7,1),0) ), IF(OR(_xlpm.x=0, _xlpm.x=""), "-", _xlpm.x) ) -> 26758 | Q73: =_xlfn.LET( _xlpm.x, _xlfn.MAXIFS( raw_stack!G$2:G$99411, raw_stack!D$2:D$99411, G73, raw_stack!F$2:F$99411, "Iya", raw_stack!G$2:G$99411, ">="&DATE(2025,8,1), raw_stack!G$2:G$99411, "<="&EOMONTH(DATE(2025,8,1),0) ), IF(_xlpm.x=0, "-", _xlpm.x) ) -> - | R73: =_xlfn.LET( _xlpm.x, _xlfn.MAXIFS( raw_stack!H$2:H$100000, raw_stack!D$2:D$100000, G73, raw_stack!F$2:F$100000, "Iya", raw_stack!G$2:G$100000, ">="&DATE(2025,8,1), raw_stack!G$2:G$100000, "<="&EOMONTH(DATE(2025,8,1),0) ), IF(OR(_xlpm.x=0, _xlpm.x=""), "-", _xlpm.x) ) -> - | S73: =_xlfn.LET( _xlpm.x, _xlfn.MAXIFS( raw_stack!G$2:G$99411, raw_stack!D$2:D$99411, G73, raw_stack!F$2:F$99411, "Iya", raw_stack!G$2:G$99411, ">="&DATE(2025,9,1), raw_stack!G$2:G$99411, "<="&EOMONTH(DATE(2025,9,1),0) ), IF(_xlpm.x=0, "-", _xlpm.x) ) -> - | T73: =_xlfn.LET( _xlpm.x, _xlfn.MAXIFS( raw_stack!H$2:H$100000, raw_stack!D$2:D$100000, G73, raw_stack!F$2:F$100000, "Iya", raw_stack!G$2:G$100000, ">="&DATE(2025,9,1), raw_stack!G$2:G$100000, "<="&EOMONTH(DATE(2025,9,1),0) ), IF(OR(_xlpm.x=0, _xlpm.x=""), "-", _xlpm.x) ) -> - | U73: =_xlfn.LET( _xlpm.x, _xlfn.MAXIFS( raw_stack!G$2:G$99411, raw_stack!D$2:D$99411, G73, raw_stack!F$2:F$99411, "Iya", raw_stack!G$2:G$99411, ">="&DATE(2025,10,1), raw_stack!G$2:G$99411, "<="&EOMONTH(DATE(2025,10,1),0) ), IF(_xlpm.x=0, "-", _xlpm.x) ) -> 45939 | V73: =_xlfn.LET( _xlpm.x, _xlfn.MAXIFS( raw_stack!H$2:H$100000, raw_stack!D$2:D$100000, G73, raw_stack!F$2:F$100000, "Iya", raw_stack!G$2:G$100000, ">="&DATE(2025,10,1), raw_stack!G$2:G$100000, "<="&EOMONTH(DATE(2025,10,1),0) ), IF(OR(_xlpm.x=0, _xlpm.x=""), "-", _xlpm.x) ) -> 26996 | W73: =_xlfn.LET( _xlpm.x, _xlfn.MAXIFS( raw_stack!G$2:G$99411, raw_stack!D$2:D$99411, G73, raw_stack!F$2:F$99411, "Iya", raw_stack!G$2:G$99411, ">="&DATE(2025,11,1), raw_stack!G$2:G$99411, "<="&EOMONTH(DATE(2025,11,1),0) ), IF(_xlpm.x=0, "-", _xlpm.x) ) -> - | X73: =_xlfn.LET( _xlpm.x, _xlfn.MAXIFS( raw_stack!H$2:H$100000, raw_stack!D$2:D$100000, G73, raw_stack!F$2:F$100000, "Iya", raw_stack!G$2:G$100000, ">="&DATE(2025,11,1), raw_stack!G$2:G$100000, "<="&EOMONTH(DATE(2025,11,1),0) ), IF(OR(_xlpm.x=0, _xlpm.x=""), "-", _xlpm.x) ) -> - | Y73: =_xlfn.LET( _xlpm.x, _xlfn.MAXIFS( raw_stack!G$2:G$99411, raw_stack!D$2:D$99411, G73, raw_stack!F$2:F$99411, "Iya", raw_stack!G$2:G$99411, ">="&DATE(2025,12,1), raw_stack!G$2:G$99411, "<="&EOMONTH(DATE(2025,12,1),0) ), IF(_xlpm.x=0, "-", _xlpm.x) ) -> - | Z73: =_xlfn.LET( _xlpm.x, _xlfn.MAXIFS( raw_stack!H$2:H$100000, raw_stack!D$2:D$100000, G73, raw_stack!F$2:F$100000, "Iya", raw_stack!G$2:G$100000, ">="&DATE(2025,12,1), raw_stack!G$2:G$100000, "<="&EOMONTH(DATE(2025,12,1),0) ), IF(OR(_xlpm.x=0, _xlpm.x=""), "-", _xlpm.x) ) -> - | AA73: =_xlfn.LET( _xlpm.x, _xlfn.MAXIFS( raw_stack!G$2:G$99411, raw_stack!D$2:D$99411, G73, raw_stack!F$2:F$99411, "Iya", raw_stack!G$2:G$99411, ">="&DATE(2026,1,1), raw_stack!G$2:G$99411, "<="&EOMONTH(DATE(2026,1,1),0) ), IF(_xlpm.x=0, "-", _xlpm.x) ) -> 46035 | AB73: =_xlfn.LET( _xlpm.x, _xlfn.MAXIFS( raw_stack!H$2:H$100000, raw_stack!D$2:D$100000, G73, raw_stack!F$2:F$100000, "Iya", raw_stack!G$2:G$100000, ">="&DATE(2026,1,1), raw_stack!G$2:G$100000, "<="&EOMONTH(DATE(2026,1,1),0) ), IF(OR(_xlpm.x=0, _xlpm.x=""), "-", _xlpm.x) ) -> 25355 | AC73: =_xlfn.LET( _xlpm.x, _xlfn.MAXIFS( raw_stack!G$2:G$99411, raw_stack!D$2:D$99411, G73, raw_stack!F$2:F$99411, "Iya", raw_stack!G$2:G$99411, ">="&DATE(2026,2,1), raw_stack!G$2:G$99411, "<="&EOMONTH(DATE(2026,2,1),0) ), IF(_xlpm.x=0, "-", _xlpm.x) ) -> - | AD73: =_xlfn.LET( _xlpm.x, _xlfn.MAXIFS( raw_stack!H$2:H$100000, raw_stack!D$2:D$100000, G73, raw_stack!F$2:F$100000, "Iya", raw_stack!G$2:G$100000, ">="&DATE(2026,2,1), raw_stack!G$2:G$100000, "<="&EOMONTH(DATE(2026,2,1),0) ), IF(OR(_xlpm.x=0, _xlpm.x=""), "-", _xlpm.x) ) -> - | AE73: =_xlfn.LET( _xlpm.x, _xlfn.MAXIFS( raw_stack!G$2:G$100000, raw_stack!D$2:D$100000, G73, raw_stack!F$2:F$100000, "Iya", raw_stack!G$2:G$100000, ">="&DATE(2026,3,1), raw_stack!G$2:G$100000, "<="&EOMONTH(DATE(2026,3,1),0) ), IF(_xlpm.x=0, "-", _xlpm.x) ) -> - | AF73: =_xlfn.LET( _xlpm.x, _xlfn.MAXIFS( raw_stack!H$2:H$100000, raw_stack!D$2:D$100000, G73, raw_stack!F$2:F$100000, "Iya", raw_stack!G$2:G$100000, ">="&DATE(2026,3,1), raw_stack!G$2:G$100000, "<="&EOMONTH(DATE(2026,3,1),0) ), IF(OR(_xlpm.x=0, _xlpm.x=""), "-", _xlpm.x) ) -> - | AG73: =_xlfn.LET( _xlpm.x, _xlfn.MAXIFS( raw_stack!G$2:G$100000, raw_stack!D$2:D$100000, G73, raw_stack!F$2:F$100000, "Iya", raw_stack!G$2:G$100000, ">="&DATE(2026,4,1), raw_stack!G$2:G$100000, "<="&EOMONTH(DATE(2026,4,1),0) ), IF(_xlpm.x=0, "-", _xlpm.x) ) -> - | AH73: =_xlfn.LET( _xlpm.x, _xlfn.MAXIFS( raw_stack!H$2:H$100000, raw_stack!D$2:D$100000, G73, raw_stack!F$2:F$100000, "Iya", raw_stack!G$2:G$100000, ">="&DATE(2026,4,1), raw_stack!G$2:G$100000, "<="&EOMONTH(DATE(2026,4,1),0) ), IF(OR(_xlpm.x=0, _xlpm.x=""), "-", _xlpm.x) ) -> -
A74: 73 | B74: =LEFT(D74,5) -> 43172 | C74: Vehicle Rent | D74: 43172 KULON PROGO POS | E74: Gran Max Pick Up (TRAC) | F74: Sewa kendaraan operasional | G74: DD1071FI | H74: OPR | I74: PICKUP | J74: 4100000 | K74: 45135 | L74: 46230 | M74: 46108 | N74: ACTIVE | O74: =_xlfn.LET( _xlpm.x, _xlfn.MAXIFS( raw_stack!G$2:G$100000, raw_stack!D$2:D$100000, G74, raw_stack!F$2:F$100000, "Iya", raw_stack!G$2:G$100000, ">="&DATE(2025,7,1), raw_stack!G$2:G$100000, "<="&EOMONTH(DATE(2025,7,1),0) ), IF(_xlpm.x=0, "-", _xlpm.x) ) -> - | P74: =_xlfn.LET( _xlpm.x, _xlfn.MAXIFS( raw_stack!H$2:H$100000, raw_stack!D$2:D$100000, G74, raw_stack!F$2:F$100000, "Iya", raw_stack!G$2:G$100000, ">="&DATE(2025,7,1), raw_stack!G$2:G$100000, "<="&EOMONTH(DATE(2025,7,1),0) ), IF(OR(_xlpm.x=0, _xlpm.x=""), "-", _xlpm.x) ) -> - | Q74: =_xlfn.LET( _xlpm.x, _xlfn.MAXIFS( raw_stack!G$2:G$99411, raw_stack!D$2:D$99411, G74, raw_stack!F$2:F$99411, "Iya", raw_stack!G$2:G$99411, ">="&DATE(2025,8,1), raw_stack!G$2:G$99411, "<="&EOMONTH(DATE(2025,8,1),0) ), IF(_xlpm.x=0, "-", _xlpm.x) ) -> - | R74: =_xlfn.LET( _xlpm.x, _xlfn.MAXIFS( raw_stack!H$2:H$100000, raw_stack!D$2:D$100000, G74, raw_stack!F$2:F$100000, "Iya", raw_stack!G$2:G$100000, ">="&DATE(2025,8,1), raw_stack!G$2:G$100000, "<="&EOMONTH(DATE(2025,8,1),0) ), IF(OR(_xlpm.x=0, _xlpm.x=""), "-", _xlpm.x) ) -> - | S74: =_xlfn.LET( _xlpm.x, _xlfn.MAXIFS( raw_stack!G$2:G$99411, raw_stack!D$2:D$99411, G74, raw_stack!F$2:F$99411, "Iya", raw_stack!G$2:G$99411, ">="&DATE(2025,9,1), raw_stack!G$2:G$99411, "<="&EOMONTH(DATE(2025,9,1),0) ), IF(_xlpm.x=0, "-", _xlpm.x) ) -> 45911 | T74: =_xlfn.LET( _xlpm.x, _xlfn.MAXIFS( raw_stack!H$2:H$100000, raw_stack!D$2:D$100000, G74, raw_stack!F$2:F$100000, "Iya", raw_stack!G$2:G$100000, ">="&DATE(2025,9,1), raw_stack!G$2:G$100000, "<="&EOMONTH(DATE(2025,9,1),0) ), IF(OR(_xlpm.x=0, _xlpm.x=""), "-", _xlpm.x) ) -> 32789 | U74: =_xlfn.LET( _xlpm.x, _xlfn.MAXIFS( raw_stack!G$2:G$99411, raw_stack!D$2:D$99411, G74, raw_stack!F$2:F$99411, "Iya", raw_stack!G$2:G$99411, ">="&DATE(2025,10,1), raw_stack!G$2:G$99411, "<="&EOMONTH(DATE(2025,10,1),0) ), IF(_xlpm.x=0, "-", _xlpm.x) ) -> - | V74: =_xlfn.LET( _xlpm.x, _xlfn.MAXIFS( raw_stack!H$2:H$100000, raw_stack!D$2:D$100000, G74, raw_stack!F$2:F$100000, "Iya", raw_stack!G$2:G$100000, ">="&DATE(2025,10,1), raw_stack!G$2:G$100000, "<="&EOMONTH(DATE(2025,10,1),0) ), IF(OR(_xlpm.x=0, _xlpm.x=""), "-", _xlpm.x) ) -> - | W74: =_xlfn.LET( _xlpm.x, _xlfn.MAXIFS( raw_stack!G$2:G$99411, raw_stack!D$2:D$99411, G74, raw_stack!F$2:F$99411, "Iya", raw_stack!G$2:G$99411, ">="&DATE(2025,11,1), raw_stack!G$2:G$99411, "<="&EOMONTH(DATE(2025,11,1),0) ), IF(_xlpm.x=0, "-", _xlpm.x) ) -> - | X74: =_xlfn.LET( _xlpm.x, _xlfn.MAXIFS( raw_stack!H$2:H$100000, raw_stack!D$2:D$100000, G74, raw_stack!F$2:F$100000, "Iya", raw_stack!G$2:G$100000, ">="&DATE(2025,11,1), raw_stack!G$2:G$100000, "<="&EOMONTH(DATE(2025,11,1),0) ), IF(OR(_xlpm.x=0, _xlpm.x=""), "-", _xlpm.x) ) -> - | Y74: =_xlfn.LET( _xlpm.x, _xlfn.MAXIFS( raw_stack!G$2:G$99411, raw_stack!D$2:D$99411, G74, raw_stack!F$2:F$99411, "Iya", raw_stack!G$2:G$99411, ">="&DATE(2025,12,1), raw_stack!G$2:G$99411, "<="&EOMONTH(DATE(2025,12,1),0) ), IF(_xlpm.x=0, "-", _xlpm.x) ) -> - | Z74: =_xlfn.LET( _xlpm.x, _xlfn.MAXIFS( raw_stack!H$2:H$100000, raw_stack!D$2:D$100000, G74, raw_stack!F$2:F$100000, "Iya", raw_stack!G$2:G$100000, ">="&DATE(2025,12,1), raw_stack!G$2:G$100000, "<="&EOMONTH(DATE(2025,12,1),0) ), IF(OR(_xlpm.x=0, _xlpm.x=""), "-", _xlpm.x) ) -> - | AA74: =_xlfn.LET( _xlpm.x, _xlfn.MAXIFS( raw_stack!G$2:G$99411, raw_stack!D$2:D$99411, G74, raw_stack!F$2:F$99411, "Iya", raw_stack!G$2:G$99411, ">="&DATE(2026,1,1), raw_stack!G$2:G$99411, "<="&EOMONTH(DATE(2026,1,1),0) ), IF(_xlpm.x=0, "-", _xlpm.x) ) -> - | AB74: =_xlfn.LET( _xlpm.x, _xlfn.MAXIFS( raw_stack!H$2:H$100000, raw_stack!D$2:D$100000, G74, raw_stack!F$2:F$100000, "Iya", raw_stack!G$2:G$100000, ">="&DATE(2026,1,1), raw_stack!G$2:G$100000, "<="&EOMONTH(DATE(2026,1,1),0) ), IF(OR(_xlpm.x=0, _xlpm.x=""), "-", _xlpm.x) ) -> - | AC74: =_xlfn.LET( _xlpm.x, _xlfn.MAXIFS( raw_stack!G$2:G$99411, raw_stack!D$2:D$99411, G74, raw_stack!F$2:F$99411, "Iya", raw_stack!G$2:G$99411, ">="&DATE(2026,2,1), raw_stack!G$2:G$99411, "<="&EOMONTH(DATE(2026,2,1),0) ), IF(_xlpm.x=0, "-", _xlpm.x) ) -> - | AD74: =_xlfn.LET( _xlpm.x, _xlfn.MAXIFS( raw_stack!H$2:H$100000, raw_stack!D$2:D$100000, G74, raw_stack!F$2:F$100000, "Iya", raw_stack!G$2:G$100000, ">="&DATE(2026,2,1), raw_stack!G$2:G$100000, "<="&EOMONTH(DATE(2026,2,1),0) ), IF(OR(_xlpm.x=0, _xlpm.x=""), "-", _xlpm.x) ) -> - | AE74: =_xlfn.LET( _xlpm.x, _xlfn.MAXIFS( raw_stack!G$2:G$100000, raw_stack!D$2:D$100000, G74, raw_stack!F$2:F$100000, "Iya", raw_stack!G$2:G$100000, ">="&DATE(2026,3,1), raw_stack!G$2:G$100000, "<="&EOMONTH(DATE(2026,3,1),0) ), IF(_xlpm.x=0, "-", _xlpm.x) ) -> - | AF74: =_xlfn.LET( _xlpm.x, _xlfn.MAXIFS( raw_stack!H$2:H$100000, raw_stack!D$2:D$100000, G74, raw_stack!F$2:F$100000, "Iya", raw_stack!G$2:G$100000, ">="&DATE(2026,3,1), raw_stack!G$2:G$100000, "<="&EOMONTH(DATE(2026,3,1),0) ), IF(OR(_xlpm.x=0, _xlpm.x=""), "-", _xlpm.x) ) -> - | AG74: =_xlfn.LET( _xlpm.x, _xlfn.MAXIFS( raw_stack!G$2:G$100000, raw_stack!D$2:D$100000, G74, raw_stack!F$2:F$100000, "Iya", raw_stack!G$2:G$100000, ">="&DATE(2026,4,1), raw_stack!G$2:G$100000, "<="&EOMONTH(DATE(2026,4,1),0) ), IF(_xlpm.x=0, "-", _xlpm.x) ) -> - | AH74: =_xlfn.LET( _xlpm.x, _xlfn.MAXIFS( raw_stack!H$2:H$100000, raw_stack!D$2:D$100000, G74, raw_stack!F$2:F$100000, "Iya", raw_stack!G$2:G$100000, ">="&DATE(2026,4,1), raw_stack!G$2:G$100000, "<="&EOMONTH(DATE(2026,4,1),0) ), IF(OR(_xlpm.x=0, _xlpm.x=""), "-", _xlpm.x) ) -> -
A75: 74 | B75: =LEFT(D75,5) -> 38577 | C75: Vehicle Rent | D75: 38577 JAYAPURA BRANCH | E75: Daihatsu Xenia (Badan) | F75: Sewa kendaraan operasional | G75: B1377ZP | H75: OPR | I75: MINIBUS | J75: 5000000 | K75: 45136 | L75: 46231 | M75: 46080 | N75: ACTIVE | O75: =_xlfn.LET( _xlpm.x, _xlfn.MAXIFS( raw_stack!G$2:G$100000, raw_stack!D$2:D$100000, G75, raw_stack!F$2:F$100000, "Iya", raw_stack!G$2:G$100000, ">="&DATE(2025,7,1), raw_stack!G$2:G$100000, "<="&EOMONTH(DATE(2025,7,1),0) ), IF(_xlpm.x=0, "-", _xlpm.x) ) -> - | P75: =_xlfn.LET( _xlpm.x, _xlfn.MAXIFS( raw_stack!H$2:H$100000, raw_stack!D$2:D$100000, G75, raw_stack!F$2:F$100000, "Iya", raw_stack!G$2:G$100000, ">="&DATE(2025,7,1), raw_stack!G$2:G$100000, "<="&EOMONTH(DATE(2025,7,1),0) ), IF(OR(_xlpm.x=0, _xlpm.x=""), "-", _xlpm.x) ) -> - | Q75: =_xlfn.LET( _xlpm.x, _xlfn.MAXIFS( raw_stack!G$2:G$99411, raw_stack!D$2:D$99411, G75, raw_stack!F$2:F$99411, "Iya", raw_stack!G$2:G$99411, ">="&DATE(2025,8,1), raw_stack!G$2:G$99411, "<="&EOMONTH(DATE(2025,8,1),0) ), IF(_xlpm.x=0, "-", _xlpm.x) ) -> - | R75: =_xlfn.LET( _xlpm.x, _xlfn.MAXIFS( raw_stack!H$2:H$100000, raw_stack!D$2:D$100000, G75, raw_stack!F$2:F$100000, "Iya", raw_stack!G$2:G$100000, ">="&DATE(2025,8,1), raw_stack!G$2:G$100000, "<="&EOMONTH(DATE(2025,8,1),0) ), IF(OR(_xlpm.x=0, _xlpm.x=""), "-", _xlpm.x) ) -> - | S75: =_xlfn.LET( _xlpm.x, _xlfn.MAXIFS( raw_stack!G$2:G$99411, raw_stack!D$2:D$99411, G75, raw_stack!F$2:F$99411, "Iya", raw_stack!G$2:G$99411, ">="&DATE(2025,9,1), raw_stack!G$2:G$99411, "<="&EOMONTH(DATE(2025,9,1),0) ), IF(_xlpm.x=0, "-", _xlpm.x) ) -> - | T75: =_xlfn.LET( _xlpm.x, _xlfn.MAXIFS( raw_stack!H$2:H$100000, raw_stack!D$2:D$100000, G75, raw_stack!F$2:F$100000, "Iya", raw_stack!G$2:G$100000, ">="&DATE(2025,9,1), raw_stack!G$2:G$100000, "<="&EOMONTH(DATE(2025,9,1),0) ), IF(OR(_xlpm.x=0, _xlpm.x=""), "-", _xlpm.x) ) -> - | U75: =_xlfn.LET( _xlpm.x, _xlfn.MAXIFS( raw_stack!G$2:G$99411, raw_stack!D$2:D$99411, G75, raw_stack!F$2:F$99411, "Iya", raw_stack!G$2:G$99411, ">="&DATE(2025,10,1), raw_stack!G$2:G$99411, "<="&EOMONTH(DATE(2025,10,1),0) ), IF(_xlpm.x=0, "-", _xlpm.x) ) -> - | V75: =_xlfn.LET( _xlpm.x, _xlfn.MAXIFS( raw_stack!H$2:H$100000, raw_stack!D$2:D$100000, G75, raw_stack!F$2:F$100000, "Iya", raw_stack!G$2:G$100000, ">="&DATE(2025,10,1), raw_stack!G$2:G$100000, "<="&EOMONTH(DATE(2025,10,1),0) ), IF(OR(_xlpm.x=0, _xlpm.x=""), "-", _xlpm.x) ) -> - | W75: =_xlfn.LET( _xlpm.x, _xlfn.MAXIFS( raw_stack!G$2:G$99411, raw_stack!D$2:D$99411, G75, raw_stack!F$2:F$99411, "Iya", raw_stack!G$2:G$99411, ">="&DATE(2025,11,1), raw_stack!G$2:G$99411, "<="&EOMONTH(DATE(2025,11,1),0) ), IF(_xlpm.x=0, "-", _xlpm.x) ) -> 45970 | X75: =_xlfn.LET( _xlpm.x, _xlfn.MAXIFS( raw_stack!H$2:H$100000, raw_stack!D$2:D$100000, G75, raw_stack!F$2:F$100000, "Iya", raw_stack!G$2:G$100000, ">="&DATE(2025,11,1), raw_stack!G$2:G$100000, "<="&EOMONTH(DATE(2025,11,1),0) ), IF(OR(_xlpm.x=0, _xlpm.x=""), "-", _xlpm.x) ) -> 55205 | Y75: =_xlfn.LET( _xlpm.x, _xlfn.MAXIFS( raw_stack!G$2:G$99411, raw_stack!D$2:D$99411, G75, raw_stack!F$2:F$99411, "Iya", raw_stack!G$2:G$99411, ">="&DATE(2025,12,1), raw_stack!G$2:G$99411, "<="&EOMONTH(DATE(2025,12,1),0) ), IF(_xlpm.x=0, "-", _xlpm.x) ) -> - | Z75: =_xlfn.LET( _xlpm.x, _xlfn.MAXIFS( raw_stack!H$2:H$100000, raw_stack!D$2:D$100000, G75, raw_stack!F$2:F$100000, "Iya", raw_stack!G$2:G$100000, ">="&DATE(2025,12,1), raw_stack!G$2:G$100000, "<="&EOMONTH(DATE(2025,12,1),0) ), IF(OR(_xlpm.x=0, _xlpm.x=""), "-", _xlpm.x) ) -> - | AA75: =_xlfn.LET( _xlpm.x, _xlfn.MAXIFS( raw_stack!G$2:G$99411, raw_stack!D$2:D$99411, G75, raw_stack!F$2:F$99411, "Iya", raw_stack!G$2:G$99411, ">="&DATE(2026,1,1), raw_stack!G$2:G$99411, "<="&EOMONTH(DATE(2026,1,1),0) ), IF(_xlpm.x=0, "-", _xlpm.x) ) -> - | AB75: =_xlfn.LET( _xlpm.x, _xlfn.MAXIFS( raw_stack!H$2:H$100000, raw_stack!D$2:D$100000, G75, raw_stack!F$2:F$100000, "Iya", raw_stack!G$2:G$100000, ">="&DATE(2026,1,1), raw_stack!G$2:G$100000, "<="&EOMONTH(DATE(2026,1,1),0) ), IF(OR(_xlpm.x=0, _xlpm.x=""), "-", _xlpm.x) ) -> - | AC75: =_xlfn.LET( _xlpm.x, _xlfn.MAXIFS( raw_stack!G$2:G$99411, raw_stack!D$2:D$99411, G75, raw_stack!F$2:F$99411, "Iya", raw_stack!G$2:G$99411, ">="&DATE(2026,2,1), raw_stack!G$2:G$99411, "<="&EOMONTH(DATE(2026,2,1),0) ), IF(_xlpm.x=0, "-", _xlpm.x) ) -> - | AD75: =_xlfn.LET( _xlpm.x, _xlfn.MAXIFS( raw_stack!H$2:H$100000, raw_stack!D$2:D$100000, G75, raw_stack!F$2:F$100000, "Iya", raw_stack!G$2:G$100000, ">="&DATE(2026,2,1), raw_stack!G$2:G$100000, "<="&EOMONTH(DATE(2026,2,1),0) ), IF(OR(_xlpm.x=0, _xlpm.x=""), "-", _xlpm.x) ) -> - | AE75: =_xlfn.LET( _xlpm.x, _xlfn.MAXIFS( raw_stack!G$2:G$100000, raw_stack!D$2:D$100000, G75, raw_stack!F$2:F$100000, "Iya", raw_stack!G$2:G$100000, ">="&DATE(2026,3,1), raw_stack!G$2:G$100000, "<="&EOMONTH(DATE(2026,3,1),0) ), IF(_xlpm.x=0, "-", _xlpm.x) ) -> - | AF75: =_xlfn.LET( _xlpm.x, _xlfn.MAXIFS( raw_stack!H$2:H$100000, raw_stack!D$2:D$100000, G75, raw_stack!F$2:F$100000, "Iya", raw_stack!G$2:G$100000, ">="&DATE(2026,3,1), raw_stack!G$2:G$100000, "<="&EOMONTH(DATE(2026,3,1),0) ), IF(OR(_xlpm.x=0, _xlpm.x=""), "-", _xlpm.x) ) -> - | AG75: =_xlfn.LET( _xlpm.x, _xlfn.MAXIFS( raw_stack!G$2:G$100000, raw_stack!D$2:D$100000, G75, raw_stack!F$2:F$100000, "Iya", raw_stack!G$2:G$100000, ">="&DATE(2026,4,1), raw_stack!G$2:G$100000, "<="&EOMONTH(DATE(2026,4,1),0) ), IF(_xlpm.x=0, "-", _xlpm.x) ) -> - | AH75: =_xlfn.LET( _xlpm.x, _xlfn.MAXIFS( raw_stack!H$2:H$100000, raw_stack!D$2:D$100000, G75, raw_stack!F$2:F$100000, "Iya", raw_stack!G$2:G$100000, ">="&DATE(2026,4,1), raw_stack!G$2:G$100000, "<="&EOMONTH(DATE(2026,4,1),0) ), IF(OR(_xlpm.x=0, _xlpm.x=""), "-", _xlpm.x) ) -> -
A76: 75 | B76: =LEFT(D76,5) -> 10597 | C76: Vehicle Rent | D76: 10597 NABIRE UNIT | E76: Gran Max Pick Up (Badan) | F76: Sewa kendaraan operasional | G76: B8069JR | H76: OPR | I76: PICKUP | J76: 5575000 | K76: 45108 | L76: 46234 | M76: 46112 | N76: ACTIVE | O76: =_xlfn.LET( _xlpm.x, _xlfn.MAXIFS( raw_stack!G$2:G$100000, raw_stack!D$2:D$100000, G76, raw_stack!F$2:F$100000, "Iya", raw_stack!G$2:G$100000, ">="&DATE(2025,7,1), raw_stack!G$2:G$100000, "<="&EOMONTH(DATE(2025,7,1),0) ), IF(_xlpm.x=0, "-", _xlpm.x) ) -> 45859 | P76: =_xlfn.LET( _xlpm.x, _xlfn.MAXIFS( raw_stack!H$2:H$100000, raw_stack!D$2:D$100000, G76, raw_stack!F$2:F$100000, "Iya", raw_stack!G$2:G$100000, ">="&DATE(2025,7,1), raw_stack!G$2:G$100000, "<="&EOMONTH(DATE(2025,7,1),0) ), IF(OR(_xlpm.x=0, _xlpm.x=""), "-", _xlpm.x) ) -> 83521 | Q76: =_xlfn.LET( _xlpm.x, _xlfn.MAXIFS( raw_stack!G$2:G$99411, raw_stack!D$2:D$99411, G76, raw_stack!F$2:F$99411, "Iya", raw_stack!G$2:G$99411, ">="&DATE(2025,8,1), raw_stack!G$2:G$99411, "<="&EOMONTH(DATE(2025,8,1),0) ), IF(_xlpm.x=0, "-", _xlpm.x) ) -> - | R76: =_xlfn.LET( _xlpm.x, _xlfn.MAXIFS( raw_stack!H$2:H$100000, raw_stack!D$2:D$100000, G76, raw_stack!F$2:F$100000, "Iya", raw_stack!G$2:G$100000, ">="&DATE(2025,8,1), raw_stack!G$2:G$100000, "<="&EOMONTH(DATE(2025,8,1),0) ), IF(OR(_xlpm.x=0, _xlpm.x=""), "-", _xlpm.x) ) -> - | S76: =_xlfn.LET( _xlpm.x, _xlfn.MAXIFS( raw_stack!G$2:G$99411, raw_stack!D$2:D$99411, G76, raw_stack!F$2:F$99411, "Iya", raw_stack!G$2:G$99411, ">="&DATE(2025,9,1), raw_stack!G$2:G$99411, "<="&EOMONTH(DATE(2025,9,1),0) ), IF(_xlpm.x=0, "-", _xlpm.x) ) -> 45911 | T76: =_xlfn.LET( _xlpm.x, _xlfn.MAXIFS( raw_stack!H$2:H$100000, raw_stack!D$2:D$100000, G76, raw_stack!F$2:F$100000, "Iya", raw_stack!G$2:G$100000, ">="&DATE(2025,9,1), raw_stack!G$2:G$100000, "<="&EOMONTH(DATE(2025,9,1),0) ), IF(OR(_xlpm.x=0, _xlpm.x=""), "-", _xlpm.x) ) -> 108130 | U76: =_xlfn.LET( _xlpm.x, _xlfn.MAXIFS( raw_stack!G$2:G$99411, raw_stack!D$2:D$99411, G76, raw_stack!F$2:F$99411, "Iya", raw_stack!G$2:G$99411, ">="&DATE(2025,10,1), raw_stack!G$2:G$99411, "<="&EOMONTH(DATE(2025,10,1),0) ), IF(_xlpm.x=0, "-", _xlpm.x) ) -> - | V76: =_xlfn.LET( _xlpm.x, _xlfn.MAXIFS( raw_stack!H$2:H$100000, raw_stack!D$2:D$100000, G76, raw_stack!F$2:F$100000, "Iya", raw_stack!G$2:G$100000, ">="&DATE(2025,10,1), raw_stack!G$2:G$100000, "<="&EOMONTH(DATE(2025,10,1),0) ), IF(OR(_xlpm.x=0, _xlpm.x=""), "-", _xlpm.x) ) -> - | W76: =_xlfn.LET( _xlpm.x, _xlfn.MAXIFS( raw_stack!G$2:G$99411, raw_stack!D$2:D$99411, G76, raw_stack!F$2:F$99411, "Iya", raw_stack!G$2:G$99411, ">="&DATE(2025,11,1), raw_stack!G$2:G$99411, "<="&EOMONTH(DATE(2025,11,1),0) ), IF(_xlpm.x=0, "-", _xlpm.x) ) -> - | X76: =_xlfn.LET( _xlpm.x, _xlfn.MAXIFS( raw_stack!H$2:H$100000, raw_stack!D$2:D$100000, G76, raw_stack!F$2:F$100000, "Iya", raw_stack!G$2:G$100000, ">="&DATE(2025,11,1), raw_stack!G$2:G$100000, "<="&EOMONTH(DATE(2025,11,1),0) ), IF(OR(_xlpm.x=0, _xlpm.x=""), "-", _xlpm.x) ) -> - | Y76: =_xlfn.LET( _xlpm.x, _xlfn.MAXIFS( raw_stack!G$2:G$99411, raw_stack!D$2:D$99411, G76, raw_stack!F$2:F$99411, "Iya", raw_stack!G$2:G$99411, ">="&DATE(2025,12,1), raw_stack!G$2:G$99411, "<="&EOMONTH(DATE(2025,12,1),0) ), IF(_xlpm.x=0, "-", _xlpm.x) ) -> 46008 | Z76: =_xlfn.LET( _xlpm.x, _xlfn.MAXIFS( raw_stack!H$2:H$100000, raw_stack!D$2:D$100000, G76, raw_stack!F$2:F$100000, "Iya", raw_stack!G$2:G$100000, ">="&DATE(2025,12,1), raw_stack!G$2:G$100000, "<="&EOMONTH(DATE(2025,12,1),0) ), IF(OR(_xlpm.x=0, _xlpm.x=""), "-", _xlpm.x) ) -> 96665 | AA76: =_xlfn.LET( _xlpm.x, _xlfn.MAXIFS( raw_stack!G$2:G$99411, raw_stack!D$2:D$99411, G76, raw_stack!F$2:F$99411, "Iya", raw_stack!G$2:G$99411, ">="&DATE(2026,1,1), raw_stack!G$2:G$99411, "<="&EOMONTH(DATE(2026,1,1),0) ), IF(_xlpm.x=0, "-", _xlpm.x) ) -> - | AB76: =_xlfn.LET( _xlpm.x, _xlfn.MAXIFS( raw_stack!H$2:H$100000, raw_stack!D$2:D$100000, G76, raw_stack!F$2:F$100000, "Iya", raw_stack!G$2:G$100000, ">="&DATE(2026,1,1), raw_stack!G$2:G$100000, "<="&EOMONTH(DATE(2026,1,1),0) ), IF(OR(_xlpm.x=0, _xlpm.x=""), "-", _xlpm.x) ) -> - | AC76: =_xlfn.LET( _xlpm.x, _xlfn.MAXIFS( raw_stack!G$2:G$99411, raw_stack!D$2:D$99411, G76, raw_stack!F$2:F$99411, "Iya", raw_stack!G$2:G$99411, ">="&DATE(2026,2,1), raw_stack!G$2:G$99411, "<="&EOMONTH(DATE(2026,2,1),0) ), IF(_xlpm.x=0, "-", _xlpm.x) ) -> - | AD76: =_xlfn.LET( _xlpm.x, _xlfn.MAXIFS( raw_stack!H$2:H$100000, raw_stack!D$2:D$100000, G76, raw_stack!F$2:F$100000, "Iya", raw_stack!G$2:G$100000, ">="&DATE(2026,2,1), raw_stack!G$2:G$100000, "<="&EOMONTH(DATE(2026,2,1),0) ), IF(OR(_xlpm.x=0, _xlpm.x=""), "-", _xlpm.x) ) -> - | AE76: =_xlfn.LET( _xlpm.x, _xlfn.MAXIFS( raw_stack!G$2:G$100000, raw_stack!D$2:D$100000, G76, raw_stack!F$2:F$100000, "Iya", raw_stack!G$2:G$100000, ">="&DATE(2026,3,1), raw_stack!G$2:G$100000, "<="&EOMONTH(DATE(2026,3,1),0) ), IF(_xlpm.x=0, "-", _xlpm.x) ) -> - | AF76: =_xlfn.LET( _xlpm.x, _xlfn.MAXIFS( raw_stack!H$2:H$100000, raw_stack!D$2:D$100000, G76, raw_stack!F$2:F$100000, "Iya", raw_stack!G$2:G$100000, ">="&DATE(2026,3,1), raw_stack!G$2:G$100000, "<="&EOMONTH(DATE(2026,3,1),0) ), IF(OR(_xlpm.x=0, _xlpm.x=""), "-", _xlpm.x) ) -> - | AG76: =_xlfn.LET( _xlpm.x, _xlfn.MAXIFS( raw_stack!G$2:G$100000, raw_stack!D$2:D$100000, G76, raw_stack!F$2:F$100000, "Iya", raw_stack!G$2:G$100000, ">="&DATE(2026,4,1), raw_stack!G$2:G$100000, "<="&EOMONTH(DATE(2026,4,1),0) ), IF(_xlpm.x=0, "-", _xlpm.x) ) -> 46118 | AH76: =_xlfn.LET( _xlpm.x, _xlfn.MAXIFS( raw_stack!H$2:H$100000, raw_stack!D$2:D$100000, G76, raw_stack!F$2:F$100000, "Iya", raw_stack!G$2:G$100000, ">="&DATE(2026,4,1), raw_stack!G$2:G$100000, "<="&EOMONTH(DATE(2026,4,1),0) ), IF(OR(_xlpm.x=0, _xlpm.x=""), "-", _xlpm.x) ) -> 119398
A77: 76 | B77: =LEFT(D77,5) -> 44362 | C77: Vehicle Rent | D77: 44362 JEMBRANA | E77: Daihatsu Xenia (Badan) | F77: Sewa kendaraan operasional | G77: B7986SF | H77: OPR | I77: MINIBUS | J77: 4375000 | K77: 45144 | L77: 46239 | M77: 46086 | N77: ACTIVE | O77: =_xlfn.LET( _xlpm.x, _xlfn.MAXIFS( raw_stack!G$2:G$100000, raw_stack!D$2:D$100000, G77, raw_stack!F$2:F$100000, "Iya", raw_stack!G$2:G$100000, ">="&DATE(2025,7,1), raw_stack!G$2:G$100000, "<="&EOMONTH(DATE(2025,7,1),0) ), IF(_xlpm.x=0, "-", _xlpm.x) ) -> - | P77: =_xlfn.LET( _xlpm.x, _xlfn.MAXIFS( raw_stack!H$2:H$100000, raw_stack!D$2:D$100000, G77, raw_stack!F$2:F$100000, "Iya", raw_stack!G$2:G$100000, ">="&DATE(2025,7,1), raw_stack!G$2:G$100000, "<="&EOMONTH(DATE(2025,7,1),0) ), IF(OR(_xlpm.x=0, _xlpm.x=""), "-", _xlpm.x) ) -> - | Q77: =_xlfn.LET( _xlpm.x, _xlfn.MAXIFS( raw_stack!G$2:G$99411, raw_stack!D$2:D$99411, G77, raw_stack!F$2:F$99411, "Iya", raw_stack!G$2:G$99411, ">="&DATE(2025,8,1), raw_stack!G$2:G$99411, "<="&EOMONTH(DATE(2025,8,1),0) ), IF(_xlpm.x=0, "-", _xlpm.x) ) -> - | R77: =_xlfn.LET( _xlpm.x, _xlfn.MAXIFS( raw_stack!H$2:H$100000, raw_stack!D$2:D$100000, G77, raw_stack!F$2:F$100000, "Iya", raw_stack!G$2:G$100000, ">="&DATE(2025,8,1), raw_stack!G$2:G$100000, "<="&EOMONTH(DATE(2025,8,1),0) ), IF(OR(_xlpm.x=0, _xlpm.x=""), "-", _xlpm.x) ) -> - | S77: =_xlfn.LET( _xlpm.x, _xlfn.MAXIFS( raw_stack!G$2:G$99411, raw_stack!D$2:D$99411, G77, raw_stack!F$2:F$99411, "Iya", raw_stack!G$2:G$99411, ">="&DATE(2025,9,1), raw_stack!G$2:G$99411, "<="&EOMONTH(DATE(2025,9,1),0) ), IF(_xlpm.x=0, "-", _xlpm.x) ) -> - | T77: =_xlfn.LET( _xlpm.x, _xlfn.MAXIFS( raw_stack!H$2:H$100000, raw_stack!D$2:D$100000, G77, raw_stack!F$2:F$100000, "Iya", raw_stack!G$2:G$100000, ">="&DATE(2025,9,1), raw_stack!G$2:G$100000, "<="&EOMONTH(DATE(2025,9,1),0) ), IF(OR(_xlpm.x=0, _xlpm.x=""), "-", _xlpm.x) ) -> - | U77: =_xlfn.LET( _xlpm.x, _xlfn.MAXIFS( raw_stack!G$2:G$99411, raw_stack!D$2:D$99411, G77, raw_stack!F$2:F$99411, "Iya", raw_stack!G$2:G$99411, ">="&DATE(2025,10,1), raw_stack!G$2:G$99411, "<="&EOMONTH(DATE(2025,10,1),0) ), IF(_xlpm.x=0, "-", _xlpm.x) ) -> - | V77: =_xlfn.LET( _xlpm.x, _xlfn.MAXIFS( raw_stack!H$2:H$100000, raw_stack!D$2:D$100000, G77, raw_stack!F$2:F$100000, "Iya", raw_stack!G$2:G$100000, ">="&DATE(2025,10,1), raw_stack!G$2:G$100000, "<="&EOMONTH(DATE(2025,10,1),0) ), IF(OR(_xlpm.x=0, _xlpm.x=""), "-", _xlpm.x) ) -> - | W77: =_xlfn.LET( _xlpm.x, _xlfn.MAXIFS( raw_stack!G$2:G$99411, raw_stack!D$2:D$99411, G77, raw_stack!F$2:F$99411, "Iya", raw_stack!G$2:G$99411, ">="&DATE(2025,11,1), raw_stack!G$2:G$99411, "<="&EOMONTH(DATE(2025,11,1),0) ), IF(_xlpm.x=0, "-", _xlpm.x) ) -> 45979 | X77: =_xlfn.LET( _xlpm.x, _xlfn.MAXIFS( raw_stack!H$2:H$100000, raw_stack!D$2:D$100000, G77, raw_stack!F$2:F$100000, "Iya", raw_stack!G$2:G$100000, ">="&DATE(2025,11,1), raw_stack!G$2:G$100000, "<="&EOMONTH(DATE(2025,11,1),0) ), IF(OR(_xlpm.x=0, _xlpm.x=""), "-", _xlpm.x) ) -> 37659 | Y77: =_xlfn.LET( _xlpm.x, _xlfn.MAXIFS( raw_stack!G$2:G$99411, raw_stack!D$2:D$99411, G77, raw_stack!F$2:F$99411, "Iya", raw_stack!G$2:G$99411, ">="&DATE(2025,12,1), raw_stack!G$2:G$99411, "<="&EOMONTH(DATE(2025,12,1),0) ), IF(_xlpm.x=0, "-", _xlpm.x) ) -> - | Z77: =_xlfn.LET( _xlpm.x, _xlfn.MAXIFS( raw_stack!H$2:H$100000, raw_stack!D$2:D$100000, G77, raw_stack!F$2:F$100000, "Iya", raw_stack!G$2:G$100000, ">="&DATE(2025,12,1), raw_stack!G$2:G$100000, "<="&EOMONTH(DATE(2025,12,1),0) ), IF(OR(_xlpm.x=0, _xlpm.x=""), "-", _xlpm.x) ) -> - | AA77: =_xlfn.LET( _xlpm.x, _xlfn.MAXIFS( raw_stack!G$2:G$99411, raw_stack!D$2:D$99411, G77, raw_stack!F$2:F$99411, "Iya", raw_stack!G$2:G$99411, ">="&DATE(2026,1,1), raw_stack!G$2:G$99411, "<="&EOMONTH(DATE(2026,1,1),0) ), IF(_xlpm.x=0, "-", _xlpm.x) ) -> - | AB77: =_xlfn.LET( _xlpm.x, _xlfn.MAXIFS( raw_stack!H$2:H$100000, raw_stack!D$2:D$100000, G77, raw_stack!F$2:F$100000, "Iya", raw_stack!G$2:G$100000, ">="&DATE(2026,1,1), raw_stack!G$2:G$100000, "<="&EOMONTH(DATE(2026,1,1),0) ), IF(OR(_xlpm.x=0, _xlpm.x=""), "-", _xlpm.x) ) -> - | AC77: =_xlfn.LET( _xlpm.x, _xlfn.MAXIFS( raw_stack!G$2:G$99411, raw_stack!D$2:D$99411, G77, raw_stack!F$2:F$99411, "Iya", raw_stack!G$2:G$99411, ">="&DATE(2026,2,1), raw_stack!G$2:G$99411, "<="&EOMONTH(DATE(2026,2,1),0) ), IF(_xlpm.x=0, "-", _xlpm.x) ) -> - | AD77: =_xlfn.LET( _xlpm.x, _xlfn.MAXIFS( raw_stack!H$2:H$100000, raw_stack!D$2:D$100000, G77, raw_stack!F$2:F$100000, "Iya", raw_stack!G$2:G$100000, ">="&DATE(2026,2,1), raw_stack!G$2:G$100000, "<="&EOMONTH(DATE(2026,2,1),0) ), IF(OR(_xlpm.x=0, _xlpm.x=""), "-", _xlpm.x) ) -> - | AE77: =_xlfn.LET( _xlpm.x, _xlfn.MAXIFS( raw_stack!G$2:G$100000, raw_stack!D$2:D$100000, G77, raw_stack!F$2:F$100000, "Iya", raw_stack!G$2:G$100000, ">="&DATE(2026,3,1), raw_stack!G$2:G$100000, "<="&EOMONTH(DATE(2026,3,1),0) ), IF(_xlpm.x=0, "-", _xlpm.x) ) -> - | AF77: =_xlfn.LET( _xlpm.x, _xlfn.MAXIFS( raw_stack!H$2:H$100000, raw_stack!D$2:D$100000, G77, raw_stack!F$2:F$100000, "Iya", raw_stack!G$2:G$100000, ">="&DATE(2026,3,1), raw_stack!G$2:G$100000, "<="&EOMONTH(DATE(2026,3,1),0) ), IF(OR(_xlpm.x=0, _xlpm.x=""), "-", _xlpm.x) ) -> - | AG77: =_xlfn.LET( _xlpm.x, _xlfn.MAXIFS( raw_stack!G$2:G$100000, raw_stack!D$2:D$100000, G77, raw_stack!F$2:F$100000, "Iya", raw_stack!G$2:G$100000, ">="&DATE(2026,4,1), raw_stack!G$2:G$100000, "<="&EOMONTH(DATE(2026,4,1),0) ), IF(_xlpm.x=0, "-", _xlpm.x) ) -> - | AH77: =_xlfn.LET( _xlpm.x, _xlfn.MAXIFS( raw_stack!H$2:H$100000, raw_stack!D$2:D$100000, G77, raw_stack!F$2:F$100000, "Iya", raw_stack!G$2:G$100000, ">="&DATE(2026,4,1), raw_stack!G$2:G$100000, "<="&EOMONTH(DATE(2026,4,1),0) ), IF(OR(_xlpm.x=0, _xlpm.x=""), "-", _xlpm.x) ) -> -
A78: 77 | B78: =LEFT(D78,5) -> 40259 | C78: Vehicle Rent | D78: 40259 UNAAHA | E78: Gran Max Pick Up (TRAC) | F78: Sewa kendaraan operasional | G78: B2401EI | H78: OPR | I78: PICKUP | J78: 3380000 | K78: 46062 | L78: 46242 | M78: 46089 | N78: ACTIVE | O78: =_xlfn.LET( _xlpm.x, _xlfn.MAXIFS( raw_stack!G$2:G$100000, raw_stack!D$2:D$100000, G78, raw_stack!F$2:F$100000, "Iya", raw_stack!G$2:G$100000, ">="&DATE(2025,7,1), raw_stack!G$2:G$100000, "<="&EOMONTH(DATE(2025,7,1),0) ), IF(_xlpm.x=0, "-", _xlpm.x) ) -> - | P78: =_xlfn.LET( _xlpm.x, _xlfn.MAXIFS( raw_stack!H$2:H$100000, raw_stack!D$2:D$100000, G78, raw_stack!F$2:F$100000, "Iya", raw_stack!G$2:G$100000, ">="&DATE(2025,7,1), raw_stack!G$2:G$100000, "<="&EOMONTH(DATE(2025,7,1),0) ), IF(OR(_xlpm.x=0, _xlpm.x=""), "-", _xlpm.x) ) -> - | Q78: =_xlfn.LET( _xlpm.x, _xlfn.MAXIFS( raw_stack!G$2:G$99411, raw_stack!D$2:D$99411, G78, raw_stack!F$2:F$99411, "Iya", raw_stack!G$2:G$99411, ">="&DATE(2025,8,1), raw_stack!G$2:G$99411, "<="&EOMONTH(DATE(2025,8,1),0) ), IF(_xlpm.x=0, "-", _xlpm.x) ) -> - | R78: =_xlfn.LET( _xlpm.x, _xlfn.MAXIFS( raw_stack!H$2:H$100000, raw_stack!D$2:D$100000, G78, raw_stack!F$2:F$100000, "Iya", raw_stack!G$2:G$100000, ">="&DATE(2025,8,1), raw_stack!G$2:G$100000, "<="&EOMONTH(DATE(2025,8,1),0) ), IF(OR(_xlpm.x=0, _xlpm.x=""), "-", _xlpm.x) ) -> - | S78: =_xlfn.LET( _xlpm.x, _xlfn.MAXIFS( raw_stack!G$2:G$99411, raw_stack!D$2:D$99411, G78, raw_stack!F$2:F$99411, "Iya", raw_stack!G$2:G$99411, ">="&DATE(2025,9,1), raw_stack!G$2:G$99411, "<="&EOMONTH(DATE(2025,9,1),0) ), IF(_xlpm.x=0, "-", _xlpm.x) ) -> - | T78: =_xlfn.LET( _xlpm.x, _xlfn.MAXIFS( raw_stack!H$2:H$100000, raw_stack!D$2:D$100000, G78, raw_stack!F$2:F$100000, "Iya", raw_stack!G$2:G$100000, ">="&DATE(2025,9,1), raw_stack!G$2:G$100000, "<="&EOMONTH(DATE(2025,9,1),0) ), IF(OR(_xlpm.x=0, _xlpm.x=""), "-", _xlpm.x) ) -> - | U78: =_xlfn.LET( _xlpm.x, _xlfn.MAXIFS( raw_stack!G$2:G$99411, raw_stack!D$2:D$99411, G78, raw_stack!F$2:F$99411, "Iya", raw_stack!G$2:G$99411, ">="&DATE(2025,10,1), raw_stack!G$2:G$99411, "<="&EOMONTH(DATE(2025,10,1),0) ), IF(_xlpm.x=0, "-", _xlpm.x) ) -> - | V78: =_xlfn.LET( _xlpm.x, _xlfn.MAXIFS( raw_stack!H$2:H$100000, raw_stack!D$2:D$100000, G78, raw_stack!F$2:F$100000, "Iya", raw_stack!G$2:G$100000, ">="&DATE(2025,10,1), raw_stack!G$2:G$100000, "<="&EOMONTH(DATE(2025,10,1),0) ), IF(OR(_xlpm.x=0, _xlpm.x=""), "-", _xlpm.x) ) -> - | W78: =_xlfn.LET( _xlpm.x, _xlfn.MAXIFS( raw_stack!G$2:G$99411, raw_stack!D$2:D$99411, G78, raw_stack!F$2:F$99411, "Iya", raw_stack!G$2:G$99411, ">="&DATE(2025,11,1), raw_stack!G$2:G$99411, "<="&EOMONTH(DATE(2025,11,1),0) ), IF(_xlpm.x=0, "-", _xlpm.x) ) -> - | X78: =_xlfn.LET( _xlpm.x, _xlfn.MAXIFS( raw_stack!H$2:H$100000, raw_stack!D$2:D$100000, G78, raw_stack!F$2:F$100000, "Iya", raw_stack!G$2:G$100000, ">="&DATE(2025,11,1), raw_stack!G$2:G$100000, "<="&EOMONTH(DATE(2025,11,1),0) ), IF(OR(_xlpm.x=0, _xlpm.x=""), "-", _xlpm.x) ) -> - | Y78: =_xlfn.LET( _xlpm.x, _xlfn.MAXIFS( raw_stack!G$2:G$99411, raw_stack!D$2:D$99411, G78, raw_stack!F$2:F$99411, "Iya", raw_stack!G$2:G$99411, ">="&DATE(2025,12,1), raw_stack!G$2:G$99411, "<="&EOMONTH(DATE(2025,12,1),0) ), IF(_xlpm.x=0, "-", _xlpm.x) ) -> 46008 | Z78: =_xlfn.LET( _xlpm.x, _xlfn.MAXIFS( raw_stack!H$2:H$100000, raw_stack!D$2:D$100000, G78, raw_stack!F$2:F$100000, "Iya", raw_stack!G$2:G$100000, ">="&DATE(2025,12,1), raw_stack!G$2:G$100000, "<="&EOMONTH(DATE(2025,12,1),0) ), IF(OR(_xlpm.x=0, _xlpm.x=""), "-", _xlpm.x) ) -> 63171 | AA78: =_xlfn.LET( _xlpm.x, _xlfn.MAXIFS( raw_stack!G$2:G$99411, raw_stack!D$2:D$99411, G78, raw_stack!F$2:F$99411, "Iya", raw_stack!G$2:G$99411, ">="&DATE(2026,1,1), raw_stack!G$2:G$99411, "<="&EOMONTH(DATE(2026,1,1),0) ), IF(_xlpm.x=0, "-", _xlpm.x) ) -> - | AB78: =_xlfn.LET( _xlpm.x, _xlfn.MAXIFS( raw_stack!H$2:H$100000, raw_stack!D$2:D$100000, G78, raw_stack!F$2:F$100000, "Iya", raw_stack!G$2:G$100000, ">="&DATE(2026,1,1), raw_stack!G$2:G$100000, "<="&EOMONTH(DATE(2026,1,1),0) ), IF(OR(_xlpm.x=0, _xlpm.x=""), "-", _xlpm.x) ) -> - | AC78: =_xlfn.LET( _xlpm.x, _xlfn.MAXIFS( raw_stack!G$2:G$99411, raw_stack!D$2:D$99411, G78, raw_stack!F$2:F$99411, "Iya", raw_stack!G$2:G$99411, ">="&DATE(2026,2,1), raw_stack!G$2:G$99411, "<="&EOMONTH(DATE(2026,2,1),0) ), IF(_xlpm.x=0, "-", _xlpm.x) ) -> - | AD78: =_xlfn.LET( _xlpm.x, _xlfn.MAXIFS( raw_stack!H$2:H$100000, raw_stack!D$2:D$100000, G78, raw_stack!F$2:F$100000, "Iya", raw_stack!G$2:G$100000, ">="&DATE(2026,2,1), raw_stack!G$2:G$100000, "<="&EOMONTH(DATE(2026,2,1),0) ), IF(OR(_xlpm.x=0, _xlpm.x=""), "-", _xlpm.x) ) -> - | AE78: =_xlfn.LET( _xlpm.x, _xlfn.MAXIFS( raw_stack!G$2:G$100000, raw_stack!D$2:D$100000, G78, raw_stack!F$2:F$100000, "Iya", raw_stack!G$2:G$100000, ">="&DATE(2026,3,1), raw_stack!G$2:G$100000, "<="&EOMONTH(DATE(2026,3,1),0) ), IF(_xlpm.x=0, "-", _xlpm.x) ) -> - | AF78: =_xlfn.LET( _xlpm.x, _xlfn.MAXIFS( raw_stack!H$2:H$100000, raw_stack!D$2:D$100000, G78, raw_stack!F$2:F$100000, "Iya", raw_stack!G$2:G$100000, ">="&DATE(2026,3,1), raw_stack!G$2:G$100000, "<="&EOMONTH(DATE(2026,3,1),0) ), IF(OR(_xlpm.x=0, _xlpm.x=""), "-", _xlpm.x) ) -> - | AG78: =_xlfn.LET( _xlpm.x, _xlfn.MAXIFS( raw_stack!G$2:G$100000, raw_stack!D$2:D$100000, G78, raw_stack!F$2:F$100000, "Iya", raw_stack!G$2:G$100000, ">="&DATE(2026,4,1), raw_stack!G$2:G$100000, "<="&EOMONTH(DATE(2026,4,1),0) ), IF(_xlpm.x=0, "-", _xlpm.x) ) -> - | AH78: =_xlfn.LET( _xlpm.x, _xlfn.MAXIFS( raw_stack!H$2:H$100000, raw_stack!D$2:D$100000, G78, raw_stack!F$2:F$100000, "Iya", raw_stack!G$2:G$100000, ">="&DATE(2026,4,1), raw_stack!G$2:G$100000, "<="&EOMONTH(DATE(2026,4,1),0) ), IF(OR(_xlpm.x=0, _xlpm.x=""), "-", _xlpm.x) ) -> -
A79: 78 | B79: =LEFT(D79,5) -> 27693 | C79: Vehicle Rent | D79: 27693 BADUNG POS | E79: Daihatsu Xenia (Badan) | F79: Sewa kendaraan operasional | G79: B2652NS | H79: OPR | I79: MINIBUS | J79: 4495000 | K79: 45149 | L79: 46244 | M79: 46063 | N79: ACTIVE | O79: =_xlfn.LET( _xlpm.x, _xlfn.MAXIFS( raw_stack!G$2:G$100000, raw_stack!D$2:D$100000, G79, raw_stack!F$2:F$100000, "Iya", raw_stack!G$2:G$100000, ">="&DATE(2025,7,1), raw_stack!G$2:G$100000, "<="&EOMONTH(DATE(2025,7,1),0) ), IF(_xlpm.x=0, "-", _xlpm.x) ) -> - | P79: =_xlfn.LET( _xlpm.x, _xlfn.MAXIFS( raw_stack!H$2:H$100000, raw_stack!D$2:D$100000, G79, raw_stack!F$2:F$100000, "Iya", raw_stack!G$2:G$100000, ">="&DATE(2025,7,1), raw_stack!G$2:G$100000, "<="&EOMONTH(DATE(2025,7,1),0) ), IF(OR(_xlpm.x=0, _xlpm.x=""), "-", _xlpm.x) ) -> - | Q79: =_xlfn.LET( _xlpm.x, _xlfn.MAXIFS( raw_stack!G$2:G$99411, raw_stack!D$2:D$99411, G79, raw_stack!F$2:F$99411, "Iya", raw_stack!G$2:G$99411, ">="&DATE(2025,8,1), raw_stack!G$2:G$99411, "<="&EOMONTH(DATE(2025,8,1),0) ), IF(_xlpm.x=0, "-", _xlpm.x) ) -> - | R79: =_xlfn.LET( _xlpm.x, _xlfn.MAXIFS( raw_stack!H$2:H$100000, raw_stack!D$2:D$100000, G79, raw_stack!F$2:F$100000, "Iya", raw_stack!G$2:G$100000, ">="&DATE(2025,8,1), raw_stack!G$2:G$100000, "<="&EOMONTH(DATE(2025,8,1),0) ), IF(OR(_xlpm.x=0, _xlpm.x=""), "-", _xlpm.x) ) -> - | S79: =_xlfn.LET( _xlpm.x, _xlfn.MAXIFS( raw_stack!G$2:G$99411, raw_stack!D$2:D$99411, G79, raw_stack!F$2:F$99411, "Iya", raw_stack!G$2:G$99411, ">="&DATE(2025,9,1), raw_stack!G$2:G$99411, "<="&EOMONTH(DATE(2025,9,1),0) ), IF(_xlpm.x=0, "-", _xlpm.x) ) -> - | T79: =_xlfn.LET( _xlpm.x, _xlfn.MAXIFS( raw_stack!H$2:H$100000, raw_stack!D$2:D$100000, G79, raw_stack!F$2:F$100000, "Iya", raw_stack!G$2:G$100000, ">="&DATE(2025,9,1), raw_stack!G$2:G$100000, "<="&EOMONTH(DATE(2025,9,1),0) ), IF(OR(_xlpm.x=0, _xlpm.x=""), "-", _xlpm.x) ) -> - | U79: =_xlfn.LET( _xlpm.x, _xlfn.MAXIFS( raw_stack!G$2:G$99411, raw_stack!D$2:D$99411, G79, raw_stack!F$2:F$99411, "Iya", raw_stack!G$2:G$99411, ">="&DATE(2025,10,1), raw_stack!G$2:G$99411, "<="&EOMONTH(DATE(2025,10,1),0) ), IF(_xlpm.x=0, "-", _xlpm.x) ) -> - | V79: =_xlfn.LET( _xlpm.x, _xlfn.MAXIFS( raw_stack!H$2:H$100000, raw_stack!D$2:D$100000, G79, raw_stack!F$2:F$100000, "Iya", raw_stack!G$2:G$100000, ">="&DATE(2025,10,1), raw_stack!G$2:G$100000, "<="&EOMONTH(DATE(2025,10,1),0) ), IF(OR(_xlpm.x=0, _xlpm.x=""), "-", _xlpm.x) ) -> - | W79: =_xlfn.LET( _xlpm.x, _xlfn.MAXIFS( raw_stack!G$2:G$99411, raw_stack!D$2:D$99411, G79, raw_stack!F$2:F$99411, "Iya", raw_stack!G$2:G$99411, ">="&DATE(2025,11,1), raw_stack!G$2:G$99411, "<="&EOMONTH(DATE(2025,11,1),0) ), IF(_xlpm.x=0, "-", _xlpm.x) ) -> 45973 | X79: =_xlfn.LET( _xlpm.x, _xlfn.MAXIFS( raw_stack!H$2:H$100000, raw_stack!D$2:D$100000, G79, raw_stack!F$2:F$100000, "Iya", raw_stack!G$2:G$100000, ">="&DATE(2025,11,1), raw_stack!G$2:G$100000, "<="&EOMONTH(DATE(2025,11,1),0) ), IF(OR(_xlpm.x=0, _xlpm.x=""), "-", _xlpm.x) ) -> 51023 | Y79: =_xlfn.LET( _xlpm.x, _xlfn.MAXIFS( raw_stack!G$2:G$99411, raw_stack!D$2:D$99411, G79, raw_stack!F$2:F$99411, "Iya", raw_stack!G$2:G$99411, ">="&DATE(2025,12,1), raw_stack!G$2:G$99411, "<="&EOMONTH(DATE(2025,12,1),0) ), IF(_xlpm.x=0, "-", _xlpm.x) ) -> 46002 | Z79: =_xlfn.LET( _xlpm.x, _xlfn.MAXIFS( raw_stack!H$2:H$100000, raw_stack!D$2:D$100000, G79, raw_stack!F$2:F$100000, "Iya", raw_stack!G$2:G$100000, ">="&DATE(2025,12,1), raw_stack!G$2:G$100000, "<="&EOMONTH(DATE(2025,12,1),0) ), IF(OR(_xlpm.x=0, _xlpm.x=""), "-", _xlpm.x) ) -> 44087 | AA79: =_xlfn.LET( _xlpm.x, _xlfn.MAXIFS( raw_stack!G$2:G$99411, raw_stack!D$2:D$99411, G79, raw_stack!F$2:F$99411, "Iya", raw_stack!G$2:G$99411, ">="&DATE(2026,1,1), raw_stack!G$2:G$99411, "<="&EOMONTH(DATE(2026,1,1),0) ), IF(_xlpm.x=0, "-", _xlpm.x) ) -> - | AB79: =_xlfn.LET( _xlpm.x, _xlfn.MAXIFS( raw_stack!H$2:H$100000, raw_stack!D$2:D$100000, G79, raw_stack!F$2:F$100000, "Iya", raw_stack!G$2:G$100000, ">="&DATE(2026,1,1), raw_stack!G$2:G$100000, "<="&EOMONTH(DATE(2026,1,1),0) ), IF(OR(_xlpm.x=0, _xlpm.x=""), "-", _xlpm.x) ) -> - | AC79: =_xlfn.LET( _xlpm.x, _xlfn.MAXIFS( raw_stack!G$2:G$99411, raw_stack!D$2:D$99411, G79, raw_stack!F$2:F$99411, "Iya", raw_stack!G$2:G$99411, ">="&DATE(2026,2,1), raw_stack!G$2:G$99411, "<="&EOMONTH(DATE(2026,2,1),0) ), IF(_xlpm.x=0, "-", _xlpm.x) ) -> - | AD79: =_xlfn.LET( _xlpm.x, _xlfn.MAXIFS( raw_stack!H$2:H$100000, raw_stack!D$2:D$100000, G79, raw_stack!F$2:F$100000, "Iya", raw_stack!G$2:G$100000, ">="&DATE(2026,2,1), raw_stack!G$2:G$100000, "<="&EOMONTH(DATE(2026,2,1),0) ), IF(OR(_xlpm.x=0, _xlpm.x=""), "-", _xlpm.x) ) -> - | AE79: =_xlfn.LET( _xlpm.x, _xlfn.MAXIFS( raw_stack!G$2:G$100000, raw_stack!D$2:D$100000, G79, raw_stack!F$2:F$100000, "Iya", raw_stack!G$2:G$100000, ">="&DATE(2026,3,1), raw_stack!G$2:G$100000, "<="&EOMONTH(DATE(2026,3,1),0) ), IF(_xlpm.x=0, "-", _xlpm.x) ) -> 46092 | AF79: =_xlfn.LET( _xlpm.x, _xlfn.MAXIFS( raw_stack!H$2:H$100000, raw_stack!D$2:D$100000, G79, raw_stack!F$2:F$100000, "Iya", raw_stack!G$2:G$100000, ">="&DATE(2026,3,1), raw_stack!G$2:G$100000, "<="&EOMONTH(DATE(2026,3,1),0) ), IF(OR(_xlpm.x=0, _xlpm.x=""), "-", _xlpm.x) ) -> 50071 | AG79: =_xlfn.LET( _xlpm.x, _xlfn.MAXIFS( raw_stack!G$2:G$100000, raw_stack!D$2:D$100000, G79, raw_stack!F$2:F$100000, "Iya", raw_stack!G$2:G$100000, ">="&DATE(2026,4,1), raw_stack!G$2:G$100000, "<="&EOMONTH(DATE(2026,4,1),0) ), IF(_xlpm.x=0, "-", _xlpm.x) ) -> - | AH79: =_xlfn.LET( _xlpm.x, _xlfn.MAXIFS( raw_stack!H$2:H$100000, raw_stack!D$2:D$100000, G79, raw_stack!F$2:F$100000, "Iya", raw_stack!G$2:G$100000, ">="&DATE(2026,4,1), raw_stack!G$2:G$100000, "<="&EOMONTH(DATE(2026,4,1),0) ), IF(OR(_xlpm.x=0, _xlpm.x=""), "-", _xlpm.x) ) -> -
A80: 79 | B80: =LEFT(D80,5) -> 72402 | C80: Vehicle Rent | D80: 72402 JEPARA 2 | E80: Gran Max Pick Up (TRAC) | F80: Sewa kendaraan operasional | G80: B2997NJ | H80: OPR | I80: PICKUP | J80: 4100000 | K80: 45150 | L80: 46245 | M80: 46092 | N80: ACTIVE | O80: =_xlfn.LET( _xlpm.x, _xlfn.MAXIFS( raw_stack!G$2:G$100000, raw_stack!D$2:D$100000, G80, raw_stack!F$2:F$100000, "Iya", raw_stack!G$2:G$100000, ">="&DATE(2025,7,1), raw_stack!G$2:G$100000, "<="&EOMONTH(DATE(2025,7,1),0) ), IF(_xlpm.x=0, "-", _xlpm.x) ) -> - | P80: =_xlfn.LET( _xlpm.x, _xlfn.MAXIFS( raw_stack!H$2:H$100000, raw_stack!D$2:D$100000, G80, raw_stack!F$2:F$100000, "Iya", raw_stack!G$2:G$100000, ">="&DATE(2025,7,1), raw_stack!G$2:G$100000, "<="&EOMONTH(DATE(2025,7,1),0) ), IF(OR(_xlpm.x=0, _xlpm.x=""), "-", _xlpm.x) ) -> - | Q80: =_xlfn.LET( _xlpm.x, _xlfn.MAXIFS( raw_stack!G$2:G$99411, raw_stack!D$2:D$99411, G80, raw_stack!F$2:F$99411, "Iya", raw_stack!G$2:G$99411, ">="&DATE(2025,8,1), raw_stack!G$2:G$99411, "<="&EOMONTH(DATE(2025,8,1),0) ), IF(_xlpm.x=0, "-", _xlpm.x) ) -> - | R80: =_xlfn.LET( _xlpm.x, _xlfn.MAXIFS( raw_stack!H$2:H$100000, raw_stack!D$2:D$100000, G80, raw_stack!F$2:F$100000, "Iya", raw_stack!G$2:G$100000, ">="&DATE(2025,8,1), raw_stack!G$2:G$100000, "<="&EOMONTH(DATE(2025,8,1),0) ), IF(OR(_xlpm.x=0, _xlpm.x=""), "-", _xlpm.x) ) -> - | S80: =_xlfn.LET( _xlpm.x, _xlfn.MAXIFS( raw_stack!G$2:G$99411, raw_stack!D$2:D$99411, G80, raw_stack!F$2:F$99411, "Iya", raw_stack!G$2:G$99411, ">="&DATE(2025,9,1), raw_stack!G$2:G$99411, "<="&EOMONTH(DATE(2025,9,1),0) ), IF(_xlpm.x=0, "-", _xlpm.x) ) -> 45904 | T80: =_xlfn.LET( _xlpm.x, _xlfn.MAXIFS( raw_stack!H$2:H$100000, raw_stack!D$2:D$100000, G80, raw_stack!F$2:F$100000, "Iya", raw_stack!G$2:G$100000, ">="&DATE(2025,9,1), raw_stack!G$2:G$100000, "<="&EOMONTH(DATE(2025,9,1),0) ), IF(OR(_xlpm.x=0, _xlpm.x=""), "-", _xlpm.x) ) -> 70397 | U80: =_xlfn.LET( _xlpm.x, _xlfn.MAXIFS( raw_stack!G$2:G$99411, raw_stack!D$2:D$99411, G80, raw_stack!F$2:F$99411, "Iya", raw_stack!G$2:G$99411, ">="&DATE(2025,10,1), raw_stack!G$2:G$99411, "<="&EOMONTH(DATE(2025,10,1),0) ), IF(_xlpm.x=0, "-", _xlpm.x) ) -> - | V80: =_xlfn.LET( _xlpm.x, _xlfn.MAXIFS( raw_stack!H$2:H$100000, raw_stack!D$2:D$100000, G80, raw_stack!F$2:F$100000, "Iya", raw_stack!G$2:G$100000, ">="&DATE(2025,10,1), raw_stack!G$2:G$100000, "<="&EOMONTH(DATE(2025,10,1),0) ), IF(OR(_xlpm.x=0, _xlpm.x=""), "-", _xlpm.x) ) -> - | W80: =_xlfn.LET( _xlpm.x, _xlfn.MAXIFS( raw_stack!G$2:G$99411, raw_stack!D$2:D$99411, G80, raw_stack!F$2:F$99411, "Iya", raw_stack!G$2:G$99411, ">="&DATE(2025,11,1), raw_stack!G$2:G$99411, "<="&EOMONTH(DATE(2025,11,1),0) ), IF(_xlpm.x=0, "-", _xlpm.x) ) -> - | X80: =_xlfn.LET( _xlpm.x, _xlfn.MAXIFS( raw_stack!H$2:H$100000, raw_stack!D$2:D$100000, G80, raw_stack!F$2:F$100000, "Iya", raw_stack!G$2:G$100000, ">="&DATE(2025,11,1), raw_stack!G$2:G$100000, "<="&EOMONTH(DATE(2025,11,1),0) ), IF(OR(_xlpm.x=0, _xlpm.x=""), "-", _xlpm.x) ) -> - | Y80: =_xlfn.LET( _xlpm.x, _xlfn.MAXIFS( raw_stack!G$2:G$99411, raw_stack!D$2:D$99411, G80, raw_stack!F$2:F$99411, "Iya", raw_stack!G$2:G$99411, ">="&DATE(2025,12,1), raw_stack!G$2:G$99411, "<="&EOMONTH(DATE(2025,12,1),0) ), IF(_xlpm.x=0, "-", _xlpm.x) ) -> - | Z80: =_xlfn.LET( _xlpm.x, _xlfn.MAXIFS( raw_stack!H$2:H$100000, raw_stack!D$2:D$100000, G80, raw_stack!F$2:F$100000, "Iya", raw_stack!G$2:G$100000, ">="&DATE(2025,12,1), raw_stack!G$2:G$100000, "<="&EOMONTH(DATE(2025,12,1),0) ), IF(OR(_xlpm.x=0, _xlpm.x=""), "-", _xlpm.x) ) -> - | AA80: =_xlfn.LET( _xlpm.x, _xlfn.MAXIFS( raw_stack!G$2:G$99411, raw_stack!D$2:D$99411, G80, raw_stack!F$2:F$99411, "Iya", raw_stack!G$2:G$99411, ">="&DATE(2026,1,1), raw_stack!G$2:G$99411, "<="&EOMONTH(DATE(2026,1,1),0) ), IF(_xlpm.x=0, "-", _xlpm.x) ) -> - | AB80: =_xlfn.LET( _xlpm.x, _xlfn.MAXIFS( raw_stack!H$2:H$100000, raw_stack!D$2:D$100000, G80, raw_stack!F$2:F$100000, "Iya", raw_stack!G$2:G$100000, ">="&DATE(2026,1,1), raw_stack!G$2:G$100000, "<="&EOMONTH(DATE(2026,1,1),0) ), IF(OR(_xlpm.x=0, _xlpm.x=""), "-", _xlpm.x) ) -> - | AC80: =_xlfn.LET( _xlpm.x, _xlfn.MAXIFS( raw_stack!G$2:G$99411, raw_stack!D$2:D$99411, G80, raw_stack!F$2:F$99411, "Iya", raw_stack!G$2:G$99411, ">="&DATE(2026,2,1), raw_stack!G$2:G$99411, "<="&EOMONTH(DATE(2026,2,1),0) ), IF(_xlpm.x=0, "-", _xlpm.x) ) -> - | AD80: =_xlfn.LET( _xlpm.x, _xlfn.MAXIFS( raw_stack!H$2:H$100000, raw_stack!D$2:D$100000, G80, raw_stack!F$2:F$100000, "Iya", raw_stack!G$2:G$100000, ">="&DATE(2026,2,1), raw_stack!G$2:G$100000, "<="&EOMONTH(DATE(2026,2,1),0) ), IF(OR(_xlpm.x=0, _xlpm.x=""), "-", _xlpm.x) ) -> - | AE80: =_xlfn.LET( _xlpm.x, _xlfn.MAXIFS( raw_stack!G$2:G$100000, raw_stack!D$2:D$100000, G80, raw_stack!F$2:F$100000, "Iya", raw_stack!G$2:G$100000, ">="&DATE(2026,3,1), raw_stack!G$2:G$100000, "<="&EOMONTH(DATE(2026,3,1),0) ), IF(_xlpm.x=0, "-", _xlpm.x) ) -> - | AF80: =_xlfn.LET( _xlpm.x, _xlfn.MAXIFS( raw_stack!H$2:H$100000, raw_stack!D$2:D$100000, G80, raw_stack!F$2:F$100000, "Iya", raw_stack!G$2:G$100000, ">="&DATE(2026,3,1), raw_stack!G$2:G$100000, "<="&EOMONTH(DATE(2026,3,1),0) ), IF(OR(_xlpm.x=0, _xlpm.x=""), "-", _xlpm.x) ) -> - | AG80: =_xlfn.LET( _xlpm.x, _xlfn.MAXIFS( raw_stack!G$2:G$100000, raw_stack!D$2:D$100000, G80, raw_stack!F$2:F$100000, "Iya", raw_stack!G$2:G$100000, ">="&DATE(2026,4,1), raw_stack!G$2:G$100000, "<="&EOMONTH(DATE(2026,4,1),0) ), IF(_xlpm.x=0, "-", _xlpm.x) ) -> - | AH80: =_xlfn.LET( _xlpm.x, _xlfn.MAXIFS( raw_stack!H$2:H$100000, raw_stack!D$2:D$100000, G80, raw_stack!F$2:F$100000, "Iya", raw_stack!G$2:G$100000, ">="&DATE(2026,4,1), raw_stack!G$2:G$100000, "<="&EOMONTH(DATE(2026,4,1),0) ), IF(OR(_xlpm.x=0, _xlpm.x=""), "-", _xlpm.x) ) -> -
A81: 80 | B81: =LEFT(D81,5) -> 36094 | C81: Vehicle Rent | D81: 36094 PALANGKARAYA | E81: Gran Max Pick Up (Badan) | F81: Sewa kendaraan operasional | G81: B8230YP | H81: OPR | I81: PICKUP | J81: 3850000 | K81: 45154 | L81: 46249 | M81: 46096 | N81: ACTIVE | O81: =_xlfn.LET( _xlpm.x, _xlfn.MAXIFS( raw_stack!G$2:G$100000, raw_stack!D$2:D$100000, G81, raw_stack!F$2:F$100000, "Iya", raw_stack!G$2:G$100000, ">="&DATE(2025,7,1), raw_stack!G$2:G$100000, "<="&EOMONTH(DATE(2025,7,1),0) ), IF(_xlpm.x=0, "-", _xlpm.x) ) -> - | P81: =_xlfn.LET( _xlpm.x, _xlfn.MAXIFS( raw_stack!H$2:H$100000, raw_stack!D$2:D$100000, G81, raw_stack!F$2:F$100000, "Iya", raw_stack!G$2:G$100000, ">="&DATE(2025,7,1), raw_stack!G$2:G$100000, "<="&EOMONTH(DATE(2025,7,1),0) ), IF(OR(_xlpm.x=0, _xlpm.x=""), "-", _xlpm.x) ) -> - | Q81: =_xlfn.LET( _xlpm.x, _xlfn.MAXIFS( raw_stack!G$2:G$99411, raw_stack!D$2:D$99411, G81, raw_stack!F$2:F$99411, "Iya", raw_stack!G$2:G$99411, ">="&DATE(2025,8,1), raw_stack!G$2:G$99411, "<="&EOMONTH(DATE(2025,8,1),0) ), IF(_xlpm.x=0, "-", _xlpm.x) ) -> 45898 | R81: =_xlfn.LET( _xlpm.x, _xlfn.MAXIFS( raw_stack!H$2:H$100000, raw_stack!D$2:D$100000, G81, raw_stack!F$2:F$100000, "Iya", raw_stack!G$2:G$100000, ">="&DATE(2025,8,1), raw_stack!G$2:G$100000, "<="&EOMONTH(DATE(2025,8,1),0) ), IF(OR(_xlpm.x=0, _xlpm.x=""), "-", _xlpm.x) ) -> 32515 | S81: =_xlfn.LET( _xlpm.x, _xlfn.MAXIFS( raw_stack!G$2:G$99411, raw_stack!D$2:D$99411, G81, raw_stack!F$2:F$99411, "Iya", raw_stack!G$2:G$99411, ">="&DATE(2025,9,1), raw_stack!G$2:G$99411, "<="&EOMONTH(DATE(2025,9,1),0) ), IF(_xlpm.x=0, "-", _xlpm.x) ) -> - | T81: =_xlfn.LET( _xlpm.x, _xlfn.MAXIFS( raw_stack!H$2:H$100000, raw_stack!D$2:D$100000, G81, raw_stack!F$2:F$100000, "Iya", raw_stack!G$2:G$100000, ">="&DATE(2025,9,1), raw_stack!G$2:G$100000, "<="&EOMONTH(DATE(2025,9,1),0) ), IF(OR(_xlpm.x=0, _xlpm.x=""), "-", _xlpm.x) ) -> - | U81: =_xlfn.LET( _xlpm.x, _xlfn.MAXIFS( raw_stack!G$2:G$99411, raw_stack!D$2:D$99411, G81, raw_stack!F$2:F$99411, "Iya", raw_stack!G$2:G$99411, ">="&DATE(2025,10,1), raw_stack!G$2:G$99411, "<="&EOMONTH(DATE(2025,10,1),0) ), IF(_xlpm.x=0, "-", _xlpm.x) ) -> - | V81: =_xlfn.LET( _xlpm.x, _xlfn.MAXIFS( raw_stack!H$2:H$100000, raw_stack!D$2:D$100000, G81, raw_stack!F$2:F$100000, "Iya", raw_stack!G$2:G$100000, ">="&DATE(2025,10,1), raw_stack!G$2:G$100000, "<="&EOMONTH(DATE(2025,10,1),0) ), IF(OR(_xlpm.x=0, _xlpm.x=""), "-", _xlpm.x) ) -> - | W81: =_xlfn.LET( _xlpm.x, _xlfn.MAXIFS( raw_stack!G$2:G$99411, raw_stack!D$2:D$99411, G81, raw_stack!F$2:F$99411, "Iya", raw_stack!G$2:G$99411, ">="&DATE(2025,11,1), raw_stack!G$2:G$99411, "<="&EOMONTH(DATE(2025,11,1),0) ), IF(_xlpm.x=0, "-", _xlpm.x) ) -> - | X81: =_xlfn.LET( _xlpm.x, _xlfn.MAXIFS( raw_stack!H$2:H$100000, raw_stack!D$2:D$100000, G81, raw_stack!F$2:F$100000, "Iya", raw_stack!G$2:G$100000, ">="&DATE(2025,11,1), raw_stack!G$2:G$100000, "<="&EOMONTH(DATE(2025,11,1),0) ), IF(OR(_xlpm.x=0, _xlpm.x=""), "-", _xlpm.x) ) -> - | Y81: =_xlfn.LET( _xlpm.x, _xlfn.MAXIFS( raw_stack!G$2:G$99411, raw_stack!D$2:D$99411, G81, raw_stack!F$2:F$99411, "Iya", raw_stack!G$2:G$99411, ">="&DATE(2025,12,1), raw_stack!G$2:G$99411, "<="&EOMONTH(DATE(2025,12,1),0) ), IF(_xlpm.x=0, "-", _xlpm.x) ) -> - | Z81: =_xlfn.LET( _xlpm.x, _xlfn.MAXIFS( raw_stack!H$2:H$100000, raw_stack!D$2:D$100000, G81, raw_stack!F$2:F$100000, "Iya", raw_stack!G$2:G$100000, ">="&DATE(2025,12,1), raw_stack!G$2:G$100000, "<="&EOMONTH(DATE(2025,12,1),0) ), IF(OR(_xlpm.x=0, _xlpm.x=""), "-", _xlpm.x) ) -> - | AA81: =_xlfn.LET( _xlpm.x, _xlfn.MAXIFS( raw_stack!G$2:G$99411, raw_stack!D$2:D$99411, G81, raw_stack!F$2:F$99411, "Iya", raw_stack!G$2:G$99411, ">="&DATE(2026,1,1), raw_stack!G$2:G$99411, "<="&EOMONTH(DATE(2026,1,1),0) ), IF(_xlpm.x=0, "-", _xlpm.x) ) -> - | AB81: =_xlfn.LET( _xlpm.x, _xlfn.MAXIFS( raw_stack!H$2:H$100000, raw_stack!D$2:D$100000, G81, raw_stack!F$2:F$100000, "Iya", raw_stack!G$2:G$100000, ">="&DATE(2026,1,1), raw_stack!G$2:G$100000, "<="&EOMONTH(DATE(2026,1,1),0) ), IF(OR(_xlpm.x=0, _xlpm.x=""), "-", _xlpm.x) ) -> - | AC81: =_xlfn.LET( _xlpm.x, _xlfn.MAXIFS( raw_stack!G$2:G$99411, raw_stack!D$2:D$99411, G81, raw_stack!F$2:F$99411, "Iya", raw_stack!G$2:G$99411, ">="&DATE(2026,2,1), raw_stack!G$2:G$99411, "<="&EOMONTH(DATE(2026,2,1),0) ), IF(_xlpm.x=0, "-", _xlpm.x) ) -> - | AD81: =_xlfn.LET( _xlpm.x, _xlfn.MAXIFS( raw_stack!H$2:H$100000, raw_stack!D$2:D$100000, G81, raw_stack!F$2:F$100000, "Iya", raw_stack!G$2:G$100000, ">="&DATE(2026,2,1), raw_stack!G$2:G$100000, "<="&EOMONTH(DATE(2026,2,1),0) ), IF(OR(_xlpm.x=0, _xlpm.x=""), "-", _xlpm.x) ) -> - | AE81: =_xlfn.LET( _xlpm.x, _xlfn.MAXIFS( raw_stack!G$2:G$100000, raw_stack!D$2:D$100000, G81, raw_stack!F$2:F$100000, "Iya", raw_stack!G$2:G$100000, ">="&DATE(2026,3,1), raw_stack!G$2:G$100000, "<="&EOMONTH(DATE(2026,3,1),0) ), IF(_xlpm.x=0, "-", _xlpm.x) ) -> 46087 | AF81: =_xlfn.LET( _xlpm.x, _xlfn.MAXIFS( raw_stack!H$2:H$100000, raw_stack!D$2:D$100000, G81, raw_stack!F$2:F$100000, "Iya", raw_stack!G$2:G$100000, ">="&DATE(2026,3,1), raw_stack!G$2:G$100000, "<="&EOMONTH(DATE(2026,3,1),0) ), IF(OR(_xlpm.x=0, _xlpm.x=""), "-", _xlpm.x) ) -> 33220 | AG81: =_xlfn.LET( _xlpm.x, _xlfn.MAXIFS( raw_stack!G$2:G$100000, raw_stack!D$2:D$100000, G81, raw_stack!F$2:F$100000, "Iya", raw_stack!G$2:G$100000, ">="&DATE(2026,4,1), raw_stack!G$2:G$100000, "<="&EOMONTH(DATE(2026,4,1),0) ), IF(_xlpm.x=0, "-", _xlpm.x) ) -> - | AH81: =_xlfn.LET( _xlpm.x, _xlfn.MAXIFS( raw_stack!H$2:H$100000, raw_stack!D$2:D$100000, G81, raw_stack!F$2:F$100000, "Iya", raw_stack!G$2:G$100000, ">="&DATE(2026,4,1), raw_stack!G$2:G$100000, "<="&EOMONTH(DATE(2026,4,1),0) ), IF(OR(_xlpm.x=0, _xlpm.x=""), "-", _xlpm.x) ) -> -
A82: 81 | B82: =LEFT(D82,5) -> 14599 | C82: Vehicle Rent | D82: 14599 MATARAM | E82: Daihatsu Xenia (Badan) | F82: Sewa kendaraan operasional | G82: B9347LJ | H82: OPR | I82: MINIBUS | J82: 4100000 | K82: 45887 | L82: 46251 | M82: 46098 | N82: ACTIVE | O82: =_xlfn.LET( _xlpm.x, _xlfn.MAXIFS( raw_stack!G$2:G$100000, raw_stack!D$2:D$100000, G82, raw_stack!F$2:F$100000, "Iya", raw_stack!G$2:G$100000, ">="&DATE(2025,7,1), raw_stack!G$2:G$100000, "<="&EOMONTH(DATE(2025,7,1),0) ), IF(_xlpm.x=0, "-", _xlpm.x) ) -> - | P82: =_xlfn.LET( _xlpm.x, _xlfn.MAXIFS( raw_stack!H$2:H$100000, raw_stack!D$2:D$100000, G82, raw_stack!F$2:F$100000, "Iya", raw_stack!G$2:G$100000, ">="&DATE(2025,7,1), raw_stack!G$2:G$100000, "<="&EOMONTH(DATE(2025,7,1),0) ), IF(OR(_xlpm.x=0, _xlpm.x=""), "-", _xlpm.x) ) -> - | Q82: =_xlfn.LET( _xlpm.x, _xlfn.MAXIFS( raw_stack!G$2:G$99411, raw_stack!D$2:D$99411, G82, raw_stack!F$2:F$99411, "Iya", raw_stack!G$2:G$99411, ">="&DATE(2025,8,1), raw_stack!G$2:G$99411, "<="&EOMONTH(DATE(2025,8,1),0) ), IF(_xlpm.x=0, "-", _xlpm.x) ) -> 45887 | R82: =_xlfn.LET( _xlpm.x, _xlfn.MAXIFS( raw_stack!H$2:H$100000, raw_stack!D$2:D$100000, G82, raw_stack!F$2:F$100000, "Iya", raw_stack!G$2:G$100000, ">="&DATE(2025,8,1), raw_stack!G$2:G$100000, "<="&EOMONTH(DATE(2025,8,1),0) ), IF(OR(_xlpm.x=0, _xlpm.x=""), "-", _xlpm.x) ) -> 49843 | S82: =_xlfn.LET( _xlpm.x, _xlfn.MAXIFS( raw_stack!G$2:G$99411, raw_stack!D$2:D$99411, G82, raw_stack!F$2:F$99411, "Iya", raw_stack!G$2:G$99411, ">="&DATE(2025,9,1), raw_stack!G$2:G$99411, "<="&EOMONTH(DATE(2025,9,1),0) ), IF(_xlpm.x=0, "-", _xlpm.x) ) -> - | T82: =_xlfn.LET( _xlpm.x, _xlfn.MAXIFS( raw_stack!H$2:H$100000, raw_stack!D$2:D$100000, G82, raw_stack!F$2:F$100000, "Iya", raw_stack!G$2:G$100000, ">="&DATE(2025,9,1), raw_stack!G$2:G$100000, "<="&EOMONTH(DATE(2025,9,1),0) ), IF(OR(_xlpm.x=0, _xlpm.x=""), "-", _xlpm.x) ) -> - | U82: =_xlfn.LET( _xlpm.x, _xlfn.MAXIFS( raw_stack!G$2:G$99411, raw_stack!D$2:D$99411, G82, raw_stack!F$2:F$99411, "Iya", raw_stack!G$2:G$99411, ">="&DATE(2025,10,1), raw_stack!G$2:G$99411, "<="&EOMONTH(DATE(2025,10,1),0) ), IF(_xlpm.x=0, "-", _xlpm.x) ) -> - | V82: =_xlfn.LET( _xlpm.x, _xlfn.MAXIFS( raw_stack!H$2:H$100000, raw_stack!D$2:D$100000, G82, raw_stack!F$2:F$100000, "Iya", raw_stack!G$2:G$100000, ">="&DATE(2025,10,1), raw_stack!G$2:G$100000, "<="&EOMONTH(DATE(2025,10,1),0) ), IF(OR(_xlpm.x=0, _xlpm.x=""), "-", _xlpm.x) ) -> - | W82: =_xlfn.LET( _xlpm.x, _xlfn.MAXIFS( raw_stack!G$2:G$99411, raw_stack!D$2:D$99411, G82, raw_stack!F$2:F$99411, "Iya", raw_stack!G$2:G$99411, ">="&DATE(2025,11,1), raw_stack!G$2:G$99411, "<="&EOMONTH(DATE(2025,11,1),0) ), IF(_xlpm.x=0, "-", _xlpm.x) ) -> - | X82: =_xlfn.LET( _xlpm.x, _xlfn.MAXIFS( raw_stack!H$2:H$100000, raw_stack!D$2:D$100000, G82, raw_stack!F$2:F$100000, "Iya", raw_stack!G$2:G$100000, ">="&DATE(2025,11,1), raw_stack!G$2:G$100000, "<="&EOMONTH(DATE(2025,11,1),0) ), IF(OR(_xlpm.x=0, _xlpm.x=""), "-", _xlpm.x) ) -> - | Y82: =_xlfn.LET( _xlpm.x, _xlfn.MAXIFS( raw_stack!G$2:G$99411, raw_stack!D$2:D$99411, G82, raw_stack!F$2:F$99411, "Iya", raw_stack!G$2:G$99411, ">="&DATE(2025,12,1), raw_stack!G$2:G$99411, "<="&EOMONTH(DATE(2025,12,1),0) ), IF(_xlpm.x=0, "-", _xlpm.x) ) -> - | Z82: =_xlfn.LET( _xlpm.x, _xlfn.MAXIFS( raw_stack!H$2:H$100000, raw_stack!D$2:D$100000, G82, raw_stack!F$2:F$100000, "Iya", raw_stack!G$2:G$100000, ">="&DATE(2025,12,1), raw_stack!G$2:G$100000, "<="&EOMONTH(DATE(2025,12,1),0) ), IF(OR(_xlpm.x=0, _xlpm.x=""), "-", _xlpm.x) ) -> - | AA82: =_xlfn.LET( _xlpm.x, _xlfn.MAXIFS( raw_stack!G$2:G$99411, raw_stack!D$2:D$99411, G82, raw_stack!F$2:F$99411, "Iya", raw_stack!G$2:G$99411, ">="&DATE(2026,1,1), raw_stack!G$2:G$99411, "<="&EOMONTH(DATE(2026,1,1),0) ), IF(_xlpm.x=0, "-", _xlpm.x) ) -> - | AB82: =_xlfn.LET( _xlpm.x, _xlfn.MAXIFS( raw_stack!H$2:H$100000, raw_stack!D$2:D$100000, G82, raw_stack!F$2:F$100000, "Iya", raw_stack!G$2:G$100000, ">="&DATE(2026,1,1), raw_stack!G$2:G$100000, "<="&EOMONTH(DATE(2026,1,1),0) ), IF(OR(_xlpm.x=0, _xlpm.x=""), "-", _xlpm.x) ) -> - | AC82: =_xlfn.LET( _xlpm.x, _xlfn.MAXIFS( raw_stack!G$2:G$99411, raw_stack!D$2:D$99411, G82, raw_stack!F$2:F$99411, "Iya", raw_stack!G$2:G$99411, ">="&DATE(2026,2,1), raw_stack!G$2:G$99411, "<="&EOMONTH(DATE(2026,2,1),0) ), IF(_xlpm.x=0, "-", _xlpm.x) ) -> - | AD82: =_xlfn.LET( _xlpm.x, _xlfn.MAXIFS( raw_stack!H$2:H$100000, raw_stack!D$2:D$100000, G82, raw_stack!F$2:F$100000, "Iya", raw_stack!G$2:G$100000, ">="&DATE(2026,2,1), raw_stack!G$2:G$100000, "<="&EOMONTH(DATE(2026,2,1),0) ), IF(OR(_xlpm.x=0, _xlpm.x=""), "-", _xlpm.x) ) -> - | AE82: =_xlfn.LET( _xlpm.x, _xlfn.MAXIFS( raw_stack!G$2:G$100000, raw_stack!D$2:D$100000, G82, raw_stack!F$2:F$100000, "Iya", raw_stack!G$2:G$100000, ">="&DATE(2026,3,1), raw_stack!G$2:G$100000, "<="&EOMONTH(DATE(2026,3,1),0) ), IF(_xlpm.x=0, "-", _xlpm.x) ) -> 46088 | AF82: =_xlfn.LET( _xlpm.x, _xlfn.MAXIFS( raw_stack!H$2:H$100000, raw_stack!D$2:D$100000, G82, raw_stack!F$2:F$100000, "Iya", raw_stack!G$2:G$100000, ">="&DATE(2026,3,1), raw_stack!G$2:G$100000, "<="&EOMONTH(DATE(2026,3,1),0) ), IF(OR(_xlpm.x=0, _xlpm.x=""), "-", _xlpm.x) ) -> 52947 | AG82: =_xlfn.LET( _xlpm.x, _xlfn.MAXIFS( raw_stack!G$2:G$100000, raw_stack!D$2:D$100000, G82, raw_stack!F$2:F$100000, "Iya", raw_stack!G$2:G$100000, ">="&DATE(2026,4,1), raw_stack!G$2:G$100000, "<="&EOMONTH(DATE(2026,4,1),0) ), IF(_xlpm.x=0, "-", _xlpm.x) ) -> - | AH82: =_xlfn.LET( _xlpm.x, _xlfn.MAXIFS( raw_stack!H$2:H$100000, raw_stack!D$2:D$100000, G82, raw_stack!F$2:F$100000, "Iya", raw_stack!G$2:G$100000, ">="&DATE(2026,4,1), raw_stack!G$2:G$100000, "<="&EOMONTH(DATE(2026,4,1),0) ), IF(OR(_xlpm.x=0, _xlpm.x=""), "-", _xlpm.x) ) -> -
A83: 82 | B83: =LEFT(D83,5) -> 20958 | C83: Vehicle Rent | D83: 20958 SIAK | E83: Gran Max Pick Up (Badan) | F83: Sewa kendaraan operasional | G83: AB1281PCR | H83: OPR | I83: PICKUP | J83: 4000000 | K83: 45159 | L83: 46254 | M83: 46073 | N83: ACTIVE | O83: =_xlfn.LET( _xlpm.x, _xlfn.MAXIFS( raw_stack!G$2:G$100000, raw_stack!D$2:D$100000, G83, raw_stack!F$2:F$100000, "Iya", raw_stack!G$2:G$100000, ">="&DATE(2025,7,1), raw_stack!G$2:G$100000, "<="&EOMONTH(DATE(2025,7,1),0) ), IF(_xlpm.x=0, "-", _xlpm.x) ) -> - | P83: =_xlfn.LET( _xlpm.x, _xlfn.MAXIFS( raw_stack!H$2:H$100000, raw_stack!D$2:D$100000, G83, raw_stack!F$2:F$100000, "Iya", raw_stack!G$2:G$100000, ">="&DATE(2025,7,1), raw_stack!G$2:G$100000, "<="&EOMONTH(DATE(2025,7,1),0) ), IF(OR(_xlpm.x=0, _xlpm.x=""), "-", _xlpm.x) ) -> - | Q83: =_xlfn.LET( _xlpm.x, _xlfn.MAXIFS( raw_stack!G$2:G$99411, raw_stack!D$2:D$99411, G83, raw_stack!F$2:F$99411, "Iya", raw_stack!G$2:G$99411, ">="&DATE(2025,8,1), raw_stack!G$2:G$99411, "<="&EOMONTH(DATE(2025,8,1),0) ), IF(_xlpm.x=0, "-", _xlpm.x) ) -> - | R83: =_xlfn.LET( _xlpm.x, _xlfn.MAXIFS( raw_stack!H$2:H$100000, raw_stack!D$2:D$100000, G83, raw_stack!F$2:F$100000, "Iya", raw_stack!G$2:G$100000, ">="&DATE(2025,8,1), raw_stack!G$2:G$100000, "<="&EOMONTH(DATE(2025,8,1),0) ), IF(OR(_xlpm.x=0, _xlpm.x=""), "-", _xlpm.x) ) -> - | S83: =_xlfn.LET( _xlpm.x, _xlfn.MAXIFS( raw_stack!G$2:G$99411, raw_stack!D$2:D$99411, G83, raw_stack!F$2:F$99411, "Iya", raw_stack!G$2:G$99411, ">="&DATE(2025,9,1), raw_stack!G$2:G$99411, "<="&EOMONTH(DATE(2025,9,1),0) ), IF(_xlpm.x=0, "-", _xlpm.x) ) -> 45902 | T83: =_xlfn.LET( _xlpm.x, _xlfn.MAXIFS( raw_stack!H$2:H$100000, raw_stack!D$2:D$100000, G83, raw_stack!F$2:F$100000, "Iya", raw_stack!G$2:G$100000, ">="&DATE(2025,9,1), raw_stack!G$2:G$100000, "<="&EOMONTH(DATE(2025,9,1),0) ), IF(OR(_xlpm.x=0, _xlpm.x=""), "-", _xlpm.x) ) -> 24299 | U83: =_xlfn.LET( _xlpm.x, _xlfn.MAXIFS( raw_stack!G$2:G$99411, raw_stack!D$2:D$99411, G83, raw_stack!F$2:F$99411, "Iya", raw_stack!G$2:G$99411, ">="&DATE(2025,10,1), raw_stack!G$2:G$99411, "<="&EOMONTH(DATE(2025,10,1),0) ), IF(_xlpm.x=0, "-", _xlpm.x) ) -> - | V83: =_xlfn.LET( _xlpm.x, _xlfn.MAXIFS( raw_stack!H$2:H$100000, raw_stack!D$2:D$100000, G83, raw_stack!F$2:F$100000, "Iya", raw_stack!G$2:G$100000, ">="&DATE(2025,10,1), raw_stack!G$2:G$100000, "<="&EOMONTH(DATE(2025,10,1),0) ), IF(OR(_xlpm.x=0, _xlpm.x=""), "-", _xlpm.x) ) -> - | W83: =_xlfn.LET( _xlpm.x, _xlfn.MAXIFS( raw_stack!G$2:G$99411, raw_stack!D$2:D$99411, G83, raw_stack!F$2:F$99411, "Iya", raw_stack!G$2:G$99411, ">="&DATE(2025,11,1), raw_stack!G$2:G$99411, "<="&EOMONTH(DATE(2025,11,1),0) ), IF(_xlpm.x=0, "-", _xlpm.x) ) -> - | X83: =_xlfn.LET( _xlpm.x, _xlfn.MAXIFS( raw_stack!H$2:H$100000, raw_stack!D$2:D$100000, G83, raw_stack!F$2:F$100000, "Iya", raw_stack!G$2:G$100000, ">="&DATE(2025,11,1), raw_stack!G$2:G$100000, "<="&EOMONTH(DATE(2025,11,1),0) ), IF(OR(_xlpm.x=0, _xlpm.x=""), "-", _xlpm.x) ) -> - | Y83: =_xlfn.LET( _xlpm.x, _xlfn.MAXIFS( raw_stack!G$2:G$99411, raw_stack!D$2:D$99411, G83, raw_stack!F$2:F$99411, "Iya", raw_stack!G$2:G$99411, ">="&DATE(2025,12,1), raw_stack!G$2:G$99411, "<="&EOMONTH(DATE(2025,12,1),0) ), IF(_xlpm.x=0, "-", _xlpm.x) ) -> - | Z83: =_xlfn.LET( _xlpm.x, _xlfn.MAXIFS( raw_stack!H$2:H$100000, raw_stack!D$2:D$100000, G83, raw_stack!F$2:F$100000, "Iya", raw_stack!G$2:G$100000, ">="&DATE(2025,12,1), raw_stack!G$2:G$100000, "<="&EOMONTH(DATE(2025,12,1),0) ), IF(OR(_xlpm.x=0, _xlpm.x=""), "-", _xlpm.x) ) -> - | AA83: =_xlfn.LET( _xlpm.x, _xlfn.MAXIFS( raw_stack!G$2:G$99411, raw_stack!D$2:D$99411, G83, raw_stack!F$2:F$99411, "Iya", raw_stack!G$2:G$99411, ">="&DATE(2026,1,1), raw_stack!G$2:G$99411, "<="&EOMONTH(DATE(2026,1,1),0) ), IF(_xlpm.x=0, "-", _xlpm.x) ) -> - | AB83: =_xlfn.LET( _xlpm.x, _xlfn.MAXIFS( raw_stack!H$2:H$100000, raw_stack!D$2:D$100000, G83, raw_stack!F$2:F$100000, "Iya", raw_stack!G$2:G$100000, ">="&DATE(2026,1,1), raw_stack!G$2:G$100000, "<="&EOMONTH(DATE(2026,1,1),0) ), IF(OR(_xlpm.x=0, _xlpm.x=""), "-", _xlpm.x) ) -> - | AC83: =_xlfn.LET( _xlpm.x, _xlfn.MAXIFS( raw_stack!G$2:G$99411, raw_stack!D$2:D$99411, G83, raw_stack!F$2:F$99411, "Iya", raw_stack!G$2:G$99411, ">="&DATE(2026,2,1), raw_stack!G$2:G$99411, "<="&EOMONTH(DATE(2026,2,1),0) ), IF(_xlpm.x=0, "-", _xlpm.x) ) -> - | AD83: =_xlfn.LET( _xlpm.x, _xlfn.MAXIFS( raw_stack!H$2:H$100000, raw_stack!D$2:D$100000, G83, raw_stack!F$2:F$100000, "Iya", raw_stack!G$2:G$100000, ">="&DATE(2026,2,1), raw_stack!G$2:G$100000, "<="&EOMONTH(DATE(2026,2,1),0) ), IF(OR(_xlpm.x=0, _xlpm.x=""), "-", _xlpm.x) ) -> - | AE83: =_xlfn.LET( _xlpm.x, _xlfn.MAXIFS( raw_stack!G$2:G$100000, raw_stack!D$2:D$100000, G83, raw_stack!F$2:F$100000, "Iya", raw_stack!G$2:G$100000, ">="&DATE(2026,3,1), raw_stack!G$2:G$100000, "<="&EOMONTH(DATE(2026,3,1),0) ), IF(_xlpm.x=0, "-", _xlpm.x) ) -> - | AF83: =_xlfn.LET( _xlpm.x, _xlfn.MAXIFS( raw_stack!H$2:H$100000, raw_stack!D$2:D$100000, G83, raw_stack!F$2:F$100000, "Iya", raw_stack!G$2:G$100000, ">="&DATE(2026,3,1), raw_stack!G$2:G$100000, "<="&EOMONTH(DATE(2026,3,1),0) ), IF(OR(_xlpm.x=0, _xlpm.x=""), "-", _xlpm.x) ) -> - | AG83: =_xlfn.LET( _xlpm.x, _xlfn.MAXIFS( raw_stack!G$2:G$100000, raw_stack!D$2:D$100000, G83, raw_stack!F$2:F$100000, "Iya", raw_stack!G$2:G$100000, ">="&DATE(2026,4,1), raw_stack!G$2:G$100000, "<="&EOMONTH(DATE(2026,4,1),0) ), IF(_xlpm.x=0, "-", _xlpm.x) ) -> - | AH83: =_xlfn.LET( _xlpm.x, _xlfn.MAXIFS( raw_stack!H$2:H$100000, raw_stack!D$2:D$100000, G83, raw_stack!F$2:F$100000, "Iya", raw_stack!G$2:G$100000, ">="&DATE(2026,4,1), raw_stack!G$2:G$100000, "<="&EOMONTH(DATE(2026,4,1),0) ), IF(OR(_xlpm.x=0, _xlpm.x=""), "-", _xlpm.x) ) -> -
A84: 83 | B84: =LEFT(D84,5) -> 29309 | C84: Vehicle Rent | D84: 29309 NGANJUK | E84: Daihatsu Xenia (Badan) | F84: Sewa kendaraan operasional | G84: B2034KCH | H84: OPR | I84: MINIBUS | J84: 3925000 | K84: 45890 | L84: 46254 | M84: 46043 | N84: ACTIVE | O84: =_xlfn.LET( _xlpm.x, _xlfn.MAXIFS( raw_stack!G$2:G$100000, raw_stack!D$2:D$100000, G84, raw_stack!F$2:F$100000, "Iya", raw_stack!G$2:G$100000, ">="&DATE(2025,7,1), raw_stack!G$2:G$100000, "<="&EOMONTH(DATE(2025,7,1),0) ), IF(_xlpm.x=0, "-", _xlpm.x) ) -> - | P84: =_xlfn.LET( _xlpm.x, _xlfn.MAXIFS( raw_stack!H$2:H$100000, raw_stack!D$2:D$100000, G84, raw_stack!F$2:F$100000, "Iya", raw_stack!G$2:G$100000, ">="&DATE(2025,7,1), raw_stack!G$2:G$100000, "<="&EOMONTH(DATE(2025,7,1),0) ), IF(OR(_xlpm.x=0, _xlpm.x=""), "-", _xlpm.x) ) -> - | Q84: =_xlfn.LET( _xlpm.x, _xlfn.MAXIFS( raw_stack!G$2:G$99411, raw_stack!D$2:D$99411, G84, raw_stack!F$2:F$99411, "Iya", raw_stack!G$2:G$99411, ">="&DATE(2025,8,1), raw_stack!G$2:G$99411, "<="&EOMONTH(DATE(2025,8,1),0) ), IF(_xlpm.x=0, "-", _xlpm.x) ) -> - | R84: =_xlfn.LET( _xlpm.x, _xlfn.MAXIFS( raw_stack!H$2:H$100000, raw_stack!D$2:D$100000, G84, raw_stack!F$2:F$100000, "Iya", raw_stack!G$2:G$100000, ">="&DATE(2025,8,1), raw_stack!G$2:G$100000, "<="&EOMONTH(DATE(2025,8,1),0) ), IF(OR(_xlpm.x=0, _xlpm.x=""), "-", _xlpm.x) ) -> - | S84: =_xlfn.LET( _xlpm.x, _xlfn.MAXIFS( raw_stack!G$2:G$99411, raw_stack!D$2:D$99411, G84, raw_stack!F$2:F$99411, "Iya", raw_stack!G$2:G$99411, ">="&DATE(2025,9,1), raw_stack!G$2:G$99411, "<="&EOMONTH(DATE(2025,9,1),0) ), IF(_xlpm.x=0, "-", _xlpm.x) ) -> - | T84: =_xlfn.LET( _xlpm.x, _xlfn.MAXIFS( raw_stack!H$2:H$100000, raw_stack!D$2:D$100000, G84, raw_stack!F$2:F$100000, "Iya", raw_stack!G$2:G$100000, ">="&DATE(2025,9,1), raw_stack!G$2:G$100000, "<="&EOMONTH(DATE(2025,9,1),0) ), IF(OR(_xlpm.x=0, _xlpm.x=""), "-", _xlpm.x) ) -> - | U84: =_xlfn.LET( _xlpm.x, _xlfn.MAXIFS( raw_stack!G$2:G$99411, raw_stack!D$2:D$99411, G84, raw_stack!F$2:F$99411, "Iya", raw_stack!G$2:G$99411, ">="&DATE(2025,10,1), raw_stack!G$2:G$99411, "<="&EOMONTH(DATE(2025,10,1),0) ), IF(_xlpm.x=0, "-", _xlpm.x) ) -> 45938 | V84: =_xlfn.LET( _xlpm.x, _xlfn.MAXIFS( raw_stack!H$2:H$100000, raw_stack!D$2:D$100000, G84, raw_stack!F$2:F$100000, "Iya", raw_stack!G$2:G$100000, ">="&DATE(2025,10,1), raw_stack!G$2:G$100000, "<="&EOMONTH(DATE(2025,10,1),0) ), IF(OR(_xlpm.x=0, _xlpm.x=""), "-", _xlpm.x) ) -> 113889 | W84: =_xlfn.LET( _xlpm.x, _xlfn.MAXIFS( raw_stack!G$2:G$99411, raw_stack!D$2:D$99411, G84, raw_stack!F$2:F$99411, "Iya", raw_stack!G$2:G$99411, ">="&DATE(2025,11,1), raw_stack!G$2:G$99411, "<="&EOMONTH(DATE(2025,11,1),0) ), IF(_xlpm.x=0, "-", _xlpm.x) ) -> - | X84: =_xlfn.LET( _xlpm.x, _xlfn.MAXIFS( raw_stack!H$2:H$100000, raw_stack!D$2:D$100000, G84, raw_stack!F$2:F$100000, "Iya", raw_stack!G$2:G$100000, ">="&DATE(2025,11,1), raw_stack!G$2:G$100000, "<="&EOMONTH(DATE(2025,11,1),0) ), IF(OR(_xlpm.x=0, _xlpm.x=""), "-", _xlpm.x) ) -> - | Y84: =_xlfn.LET( _xlpm.x, _xlfn.MAXIFS( raw_stack!G$2:G$99411, raw_stack!D$2:D$99411, G84, raw_stack!F$2:F$99411, "Iya", raw_stack!G$2:G$99411, ">="&DATE(2025,12,1), raw_stack!G$2:G$99411, "<="&EOMONTH(DATE(2025,12,1),0) ), IF(_xlpm.x=0, "-", _xlpm.x) ) -> - | Z84: =_xlfn.LET( _xlpm.x, _xlfn.MAXIFS( raw_stack!H$2:H$100000, raw_stack!D$2:D$100000, G84, raw_stack!F$2:F$100000, "Iya", raw_stack!G$2:G$100000, ">="&DATE(2025,12,1), raw_stack!G$2:G$100000, "<="&EOMONTH(DATE(2025,12,1),0) ), IF(OR(_xlpm.x=0, _xlpm.x=""), "-", _xlpm.x) ) -> - | AA84: =_xlfn.LET( _xlpm.x, _xlfn.MAXIFS( raw_stack!G$2:G$99411, raw_stack!D$2:D$99411, G84, raw_stack!F$2:F$99411, "Iya", raw_stack!G$2:G$99411, ">="&DATE(2026,1,1), raw_stack!G$2:G$99411, "<="&EOMONTH(DATE(2026,1,1),0) ), IF(_xlpm.x=0, "-", _xlpm.x) ) -> - | AB84: =_xlfn.LET( _xlpm.x, _xlfn.MAXIFS( raw_stack!H$2:H$100000, raw_stack!D$2:D$100000, G84, raw_stack!F$2:F$100000, "Iya", raw_stack!G$2:G$100000, ">="&DATE(2026,1,1), raw_stack!G$2:G$100000, "<="&EOMONTH(DATE(2026,1,1),0) ), IF(OR(_xlpm.x=0, _xlpm.x=""), "-", _xlpm.x) ) -> - | AC84: =_xlfn.LET( _xlpm.x, _xlfn.MAXIFS( raw_stack!G$2:G$99411, raw_stack!D$2:D$99411, G84, raw_stack!F$2:F$99411, "Iya", raw_stack!G$2:G$99411, ">="&DATE(2026,2,1), raw_stack!G$2:G$99411, "<="&EOMONTH(DATE(2026,2,1),0) ), IF(_xlpm.x=0, "-", _xlpm.x) ) -> - | AD84: =_xlfn.LET( _xlpm.x, _xlfn.MAXIFS( raw_stack!H$2:H$100000, raw_stack!D$2:D$100000, G84, raw_stack!F$2:F$100000, "Iya", raw_stack!G$2:G$100000, ">="&DATE(2026,2,1), raw_stack!G$2:G$100000, "<="&EOMONTH(DATE(2026,2,1),0) ), IF(OR(_xlpm.x=0, _xlpm.x=""), "-", _xlpm.x) ) -> - | AE84: =_xlfn.LET( _xlpm.x, _xlfn.MAXIFS( raw_stack!G$2:G$100000, raw_stack!D$2:D$100000, G84, raw_stack!F$2:F$100000, "Iya", raw_stack!G$2:G$100000, ">="&DATE(2026,3,1), raw_stack!G$2:G$100000, "<="&EOMONTH(DATE(2026,3,1),0) ), IF(_xlpm.x=0, "-", _xlpm.x) ) -> 46088 | AF84: =_xlfn.LET( _xlpm.x, _xlfn.MAXIFS( raw_stack!H$2:H$100000, raw_stack!D$2:D$100000, G84, raw_stack!F$2:F$100000, "Iya", raw_stack!G$2:G$100000, ">="&DATE(2026,3,1), raw_stack!G$2:G$100000, "<="&EOMONTH(DATE(2026,3,1),0) ), IF(OR(_xlpm.x=0, _xlpm.x=""), "-", _xlpm.x) ) -> 117613 | AG84: =_xlfn.LET( _xlpm.x, _xlfn.MAXIFS( raw_stack!G$2:G$100000, raw_stack!D$2:D$100000, G84, raw_stack!F$2:F$100000, "Iya", raw_stack!G$2:G$100000, ">="&DATE(2026,4,1), raw_stack!G$2:G$100000, "<="&EOMONTH(DATE(2026,4,1),0) ), IF(_xlpm.x=0, "-", _xlpm.x) ) -> - | AH84: =_xlfn.LET( _xlpm.x, _xlfn.MAXIFS( raw_stack!H$2:H$100000, raw_stack!D$2:D$100000, G84, raw_stack!F$2:F$100000, "Iya", raw_stack!G$2:G$100000, ">="&DATE(2026,4,1), raw_stack!G$2:G$100000, "<="&EOMONTH(DATE(2026,4,1),0) ), IF(OR(_xlpm.x=0, _xlpm.x=""), "-", _xlpm.x) ) -> -
